name,age,gender,study_hours,attendance,prev_marks,assignments,participation,sleep_hours,internet_access,family_support,parental_education,tuition,extracurricular,discipline_score,internal_marks,practical_marks,quiz_marks,project_marks,final_score
Grace Davis,19,Male,1.5,85.4,56.0,7,5.4,6.6,No,Yes,Medium,Yes,Yes,6.7,14.6,21.4,8.8,35.5,60.8
Joseph Moore,21,Male,8.7,89.1,58.3,0,8.7,7.2,Yes,Yes,Medium,No,No,4.5,25.5,29.2,16.6,36.7,81.5
Mia Rodriguez,16,Male,2.7,93.1,58.6,9,3.5,7.1,Yes,Yes,Medium,No,No,7.0,17.3,20.1,9.5,33.6,70.5
Aiden Mitchell,18,Male,8.7,95.6,41.4,5,10.0,6.4,Yes,Yes,High,No,No,8.9,25.9,25.5,13.7,32.0,79.3
Jack Ramirez,19,Male,9.2,98.8,83.1,10,7.5,7.0,Yes,Yes,Medium,Yes,No,6.9,30.0,28.4,17.1,48.3,96.7
Liam Garcia,16,Male,5.8,97.7,59.4,7,5.4,8.2,Yes,Yes,Medium,Yes,Yes,6.8,23.5,22.4,11.6,39.6,82.1
Mia Allen,20,Male,3.5,89.2,56.2,6,8.1,8.5,Yes,Yes,Medium,No,Yes,8.6,23.3,30.0,10.0,37.3,75.4
Mateo Gonzalez,21,Female,8.3,92.0,92.3,5,8.2,4.5,Yes,No,Medium,Yes,No,9.3,30.0,24.5,16.6,47.9,89.1
Mia Lewis,16,Female,4.1,98.3,79.0,0,7.0,7.9,Yes,Yes,High,No,No,9.3,26.3,24.2,16.7,44.6,83.0
Emma Carter,16,Male,7.5,89.8,79.8,10,3.5,10.0,Yes,Yes,Low,No,No,8.3,29.9,16.5,14.5,44.9,84.3
Camila Ramirez,16,Female,2.6,85.5,48.3,9,4.8,7.7,Yes,Yes,Medium,Yes,No,7.4,15.9,21.1,11.2,31.7,68.2
Mason Martinez,17,Male,7.7,98.8,68.3,9,7.5,8.7,Yes,No,Low,No,No,8.3,29.6,30.0,14.7,45.3,88.9
Riley Perez,21,Male,1.3,99.9,54.0,9,6.6,6.7,No,Yes,Medium,Yes,No,9.1,18.5,22.5,13.6,42.2,73.5
Oliver Harris,20,Male,7.7,81.9,70.4,5,8.2,6.5,No,Yes,Low,No,Yes,7.3,29.5,30.0,15.2,47.9,81.6
Emily Thompson,18,Female,1.4,75.4,51.1,8,2.5,5.8,Yes,Yes,High,Yes,Yes,7.3,16.0,19.7,12.0,24.1,64.1
Olivia Campbell,20,Female,6.7,86.3,74.5,8,7.4,9.2,Yes,Yes,High,No,No,8.2,30.0,22.9,13.5,39.6,81.2
Scarlett Davis,20,Female,1.2,82.3,76.2,5,8.1,8.2,Yes,Yes,Low,Yes,No,8.0,22.8,22.7,9.5,38.1,71.9
Oliver Scott,21,Female,4.4,95.3,71.5,7,6.7,6.7,Yes,Yes,Medium,No,Yes,9.0,22.9,25.6,13.7,36.9,77.0
Grace Flores,20,Female,5.9,94.8,62.4,8,5.4,8.1,Yes,No,Low,No,Yes,8.1,25.0,26.2,14.5,40.7,79.8
Victoria Gonzalez,16,Male,7.3,97.5,78.0,9,8.2,8.8,Yes,Yes,High,No,Yes,4.6,30.0,30.0,14.6,37.9,89.6
Olivia Nelson,16,Male,9.0,88.4,83.6,7,8.4,7.3,Yes,No,Low,No,Yes,9.7,30.0,25.6,18.3,39.7,91.8
John Jackson,19,Male,3.3,90.9,76.4,8,6.3,5.5,Yes,Yes,Medium,Yes,Yes,8.5,24.5,27.8,12.8,36.5,80.6
Mia Miller,16,Female,1.6,94.5,80.0,8,6.9,6.7,Yes,Yes,Medium,No,No,8.0,24.5,21.6,11.8,40.3,76.5
Mason Robinson,20,Female,2.0,76.8,70.2,6,8.6,7.4,Yes,Yes,Medium,No,Yes,9.2,22.7,28.5,10.6,44.4,78.5
Charlotte White,21,Female,9.2,65.2,48.2,9,6.2,7.5,Yes,Yes,High,No,No,9.3,28.1,21.9,11.4,34.6,73.0
Lucas Nelson,18,Female,5.3,83.3,54.5,5,6.3,6.6,Yes,Yes,Low,Yes,No,6.3,22.4,16.7,11.9,34.8,69.0
Camila Baker,21,Male,6.4,90.4,73.2,9,9.7,7.3,Yes,Yes,Low,No,Yes,7.8,25.8,28.7,15.5,39.0,82.3
Aria Green,16,Male,5.8,97.7,75.2,7,9.6,6.9,Yes,Yes,Medium,No,Yes,10.0,30.0,30.0,12.1,39.6,88.4
Scarlett Campbell,18,Male,2.4,96.2,73.1,6,4.8,6.7,Yes,No,Medium,Yes,Yes,7.6,22.3,25.0,12.9,35.8,74.9
Charlotte Robinson,18,Female,2.8,97.6,68.1,6,8.0,7.0,Yes,Yes,Medium,No,No,7.7,18.5,30.0,15.3,32.7,75.3
Mason Green,17,Male,6.5,96.1,74.9,9,6.1,8.9,Yes,Yes,Low,Yes,No,8.5,29.2,26.8,15.5,38.3,84.8
Aiden Lee,21,Male,5.0,89.6,71.7,10,4.7,8.2,Yes,Yes,High,No,No,7.6,22.4,26.6,14.2,36.5,83.7
Mia Williams,18,Female,1.3,94.6,77.8,4,5.6,7.6,Yes,Yes,Medium,Yes,No,9.4,20.3,27.3,14.5,42.6,83.3
Jacob Moore,18,Male,4.8,99.4,88.3,3,7.8,6.9,Yes,No,High,Yes,Yes,6.8,27.2,30.0,14.3,44.3,89.8
Lucas Torres,16,Female,4.0,83.4,48.5,9,3.9,4.6,No,Yes,Medium,No,Yes,5.6,19.0,18.3,10.6,30.4,57.0
Lucas Adams,21,Female,2.9,93.3,56.2,6,5.3,7.3,Yes,Yes,High,Yes,Yes,9.2,17.0,18.5,10.2,38.7,77.0
Jacob Adams,20,Female,5.7,78.7,49.7,10,6.0,4.9,Yes,Yes,Low,No,No,7.9,20.2,19.3,14.4,36.7,66.8
James Taylor,16,Male,4.1,93.6,54.3,6,5.9,8.6,Yes,Yes,Low,No,No,8.1,21.2,22.6,12.5,36.1,72.6
Alexander Mitchell,16,Female,3.4,86.5,80.6,9,6.3,4.8,Yes,Yes,Medium,No,No,7.8,25.1,23.0,15.8,50.0,79.1
Joseph Nguyen,16,Female,3.5,97.8,80.8,8,7.0,8.3,Yes,No,High,No,Yes,8.2,23.4,27.8,13.6,46.5,87.6
Jack Sanchez,17,Female,4.5,64.9,69.2,8,10.0,6.2,Yes,Yes,Low,No,Yes,6.1,24.6,25.6,10.9,42.7,71.5
Mia Rodriguez,20,Female,4.7,83.0,81.1,7,7.8,6.9,Yes,Yes,Medium,Yes,Yes,6.5,28.2,28.5,15.7,47.9,86.2
Oliver Carter,17,Male,7.4,90.2,67.5,10,6.1,5.8,Yes,Yes,High,No,Yes,8.2,28.7,24.5,14.5,42.1,85.3
Elijah Martinez,16,Male,5.8,95.7,90.3,7,6.8,9.4,Yes,Yes,Medium,No,No,8.2,29.6,28.8,16.3,45.8,90.6
Aiden Ramirez,18,Male,6.6,99.4,54.9,6,5.9,5.3,No,Yes,High,No,No,6.9,21.8,19.8,11.0,30.1,70.4
Elizabeth Harris,17,Female,6.4,91.5,66.6,10,5.7,7.9,Yes,Yes,Medium,No,No,6.7,26.9,25.8,12.0,40.0,89.1
Sebastian Taylor,16,Male,8.3,92.2,60.0,10,6.8,5.5,Yes,Yes,High,No,Yes,6.2,26.2,26.1,14.7,39.4,88.7
Aiden Campbell,18,Male,5.8,94.2,90.5,9,6.8,8.4,Yes,Yes,Low,No,Yes,7.7,28.8,24.1,15.3,42.1,90.1
Aiden Wright,19,Female,2.2,95.1,78.6,0,9.1,7.7,Yes,No,High,Yes,No,7.5,20.4,27.6,13.1,47.7,77.8
John Adams,20,Female,4.1,92.7,54.7,2,8.6,6.7,Yes,Yes,High,No,No,7.8,17.2,29.7,10.8,37.5,73.0
Elijah Jackson,20,Female,5.0,98.0,82.6,2,7.9,7.0,Yes,Yes,Medium,No,No,6.0,30.0,26.4,13.0,44.2,88.7
Charlotte Robinson,18,Male,7.5,83.2,70.0,5,4.1,5.9,No,No,Medium,Yes,Yes,10.0,30.0,14.3,15.5,36.1,80.2
Penelope Campbell,19,Female,3.4,97.2,47.4,7,5.1,5.1,Yes,Yes,Medium,Yes,No,7.2,20.1,27.0,11.1,27.5,66.6
Madison Carter,16,Male,4.1,96.8,55.3,9,7.8,6.7,Yes,Yes,Low,No,Yes,9.1,21.2,25.9,11.9,39.9,77.6
Madison Miller,16,Female,8.3,95.0,63.2,7,5.1,8.2,Yes,No,High,No,Yes,10.0,28.0,21.2,13.7,38.5,87.8
Grace Allen,18,Male,5.4,96.4,64.4,8,8.8,7.7,Yes,Yes,Medium,Yes,No,6.9,26.1,29.8,17.8,41.5,91.9
James White,17,Male,3.5,82.2,60.8,10,5.1,8.7,Yes,Yes,High,No,Yes,8.1,20.0,22.3,13.6,37.5,72.2
Scarlett Roberts,21,Male,9.7,98.9,71.3,9,2.3,5.5,Yes,Yes,Medium,Yes,Yes,7.1,27.8,21.4,18.2,39.1,87.8
Aria Lee,16,Female,5.0,77.1,90.3,4,7.8,9.7,Yes,Yes,Medium,No,No,5.6,30.0,22.4,11.8,40.7,80.5
Liam Davis,18,Female,7.3,98.3,70.8,8,6.1,6.5,Yes,Yes,Low,Yes,Yes,10.0,27.9,30.0,16.2,40.6,87.5
Michael Thomas,16,Male,6.9,84.4,46.1,10,7.4,6.9,Yes,Yes,Medium,No,Yes,9.9,20.6,27.7,12.9,36.1,75.9
Alexander Torres,18,Male,6.7,81.6,67.5,8,5.9,8.4,No,Yes,Medium,No,Yes,10.0,27.4,19.8,14.1,44.6,81.6
Oliver Campbell,17,Female,6.2,81.2,58.2,10,7.3,7.8,Yes,Yes,Medium,No,Yes,7.1,23.5,18.9,12.8,32.8,73.5
Ava Carter,19,Male,4.7,92.9,55.8,5,6.8,9.2,Yes,Yes,Medium,No,Yes,7.8,21.8,27.0,12.3,41.0,73.6
Isabella Nelson,18,Female,6.8,84.2,77.0,6,7.3,6.9,Yes,Yes,Medium,No,No,5.1,29.5,27.6,16.0,40.1,85.4
Mateo Hernandez,17,Female,2.6,94.4,47.9,8,7.8,8.0,Yes,Yes,High,No,No,5.5,14.0,20.5,11.7,32.1,64.9
Sebastian Hill,20,Female,3.0,94.5,72.3,7,7.9,6.4,Yes,Yes,High,Yes,Yes,6.6,24.7,20.5,13.3,46.5,78.9
Lucas Wright,19,Male,6.1,82.0,52.2,9,9.1,8.9,Yes,Yes,High,No,Yes,7.0,20.6,24.6,14.1,37.3,79.6
Samuel Martin,17,Female,1.6,96.9,60.8,7,5.1,5.9,Yes,No,Medium,No,Yes,5.7,20.7,26.0,10.1,42.1,75.8
Chloe Adams,19,Female,8.9,90.7,56.3,6,7.6,7.0,Yes,No,Low,No,Yes,6.4,27.0,26.2,13.7,37.3,86.0
Avery King,21,Female,2.1,99.1,77.4,8,7.1,7.2,Yes,Yes,High,No,No,6.9,22.1,21.6,14.7,46.9,78.8
Elijah Thomas,17,Male,9.9,93.4,58.5,10,6.5,7.5,Yes,Yes,High,Yes,No,6.6,29.5,28.8,16.2,30.1,85.0
Ava Perez,20,Male,8.4,97.1,48.8,3,4.9,4.3,No,Yes,Low,No,Yes,8.8,25.2,24.4,13.9,32.0,67.8
Jack Scott,20,Male,7.6,85.4,53.4,7,8.8,7.5,Yes,Yes,Medium,Yes,Yes,7.8,26.2,24.4,16.4,34.4,82.6
Jack Anderson,16,Male,5.6,95.2,83.6,5,9.1,7.4,Yes,Yes,Medium,Yes,No,6.3,27.1,24.4,16.0,50.0,90.6
Ava Rivera,17,Male,6.6,91.8,68.5,10,5.3,7.9,Yes,Yes,High,Yes,No,9.3,25.3,26.8,14.2,38.9,90.2
Mia Jones,19,Male,4.4,98.4,52.2,7,7.5,6.8,Yes,Yes,Low,No,Yes,7.8,23.0,25.7,12.2,43.7,76.4
Ethan Jones,21,Male,2.6,92.9,75.5,5,8.1,7.1,Yes,No,High,No,No,7.4,25.7,26.5,13.3,49.6,83.2
Mason Nelson,21,Female,2.4,97.5,52.5,9,3.7,6.3,Yes,Yes,High,No,No,7.9,19.3,27.2,9.5,30.9,71.9
Lucas Wright,17,Male,7.1,90.8,76.0,5,8.9,6.9,Yes,No,Low,No,No,6.1,29.5,24.1,14.5,39.0,83.4
Penelope Torres,20,Female,6.4,95.5,82.5,2,6.5,8.1,Yes,Yes,Medium,No,No,6.3,27.9,28.4,16.5,32.2,88.2
Alexander Walker,19,Female,8.2,88.4,55.7,10,7.6,7.1,Yes,Yes,Medium,No,Yes,10.0,27.7,28.0,14.2,36.5,86.5
Amelia Miller,21,Male,3.3,84.0,67.6,2,6.4,6.6,Yes,Yes,Medium,Yes,No,5.8,26.0,28.7,11.7,36.3,75.6
Chloe Ramirez,19,Female,3.5,96.1,77.3,4,5.5,6.0,Yes,Yes,High,No,Yes,4.6,26.8,30.0,11.5,36.3,82.0
Logan Clark,17,Female,8.5,93.2,51.5,4,5.1,9.8,Yes,Yes,Low,No,Yes,8.2,23.4,22.2,15.8,33.6,72.3
Penelope Brown,16,Male,7.4,88.3,54.9,8,1.8,7.7,Yes,Yes,High,No,Yes,8.9,23.4,20.9,15.3,30.5,76.8
Noah Sanchez,16,Female,5.7,94.4,55.3,7,6.3,7.8,Yes,Yes,Low,Yes,No,8.8,22.9,28.3,13.1,40.1,78.4
Sophia Thomas,18,Male,3.5,99.2,70.8,8,4.0,4.2,Yes,Yes,Low,No,No,9.1,24.9,23.3,12.9,32.1,71.4
Amelia Wright,20,Female,8.7,97.2,73.1,9,6.4,8.5,Yes,No,Medium,No,No,5.9,28.5,24.2,16.5,41.5,89.2
Isabella Ramirez,19,Male,5.2,80.6,57.1,9,7.6,6.7,No,No,Medium,No,Yes,9.0,22.2,23.1,11.7,33.0,73.1
Mason Robinson,16,Male,3.3,94.6,79.3,10,4.5,7.5,Yes,Yes,High,No,No,8.2,24.1,22.0,11.8,46.1,82.8
Ava Lewis,19,Male,9.2,80.2,79.0,10,2.2,8.4,No,No,High,No,Yes,7.3,30.0,17.0,16.2,39.6,84.3
Noah Adams,18,Male,6.0,78.4,45.9,2,5.9,7.8,Yes,Yes,High,No,No,6.9,22.4,24.7,10.3,29.0,69.7
Oliver Carter,19,Male,1.7,97.1,83.1,3,7.2,6.4,No,Yes,Medium,No,Yes,7.6,25.6,27.8,13.4,48.1,74.7
Charlotte Clark,19,Female,2.5,83.9,56.4,5,7.3,6.9,No,Yes,Low,Yes,Yes,6.3,17.4,25.5,10.9,33.7,61.8
Ella Wilson,21,Female,3.5,86.9,58.2,9,5.9,7.3,Yes,Yes,Medium,Yes,Yes,5.3,21.8,30.0,12.1,34.6,75.7
Noah Hernandez,16,Female,7.1,85.3,52.6,10,5.1,7.1,Yes,Yes,High,No,Yes,9.7,25.7,19.3,14.4,35.6,80.8
Emma Harris,21,Female,2.0,99.9,65.8,8,7.5,8.9,Yes,Yes,Low,No,No,6.8,18.4,30.0,11.4,39.3,75.8
Jackson Jackson,16,Female,8.5,88.8,65.7,6,6.3,8.2,Yes,Yes,Medium,No,No,6.2,25.4,27.5,14.3,35.1,83.1
Camila Campbell,16,Female,8.7,85.1,82.6,6,8.6,8.6,Yes,No,Medium,No,No,5.0,30.0,22.0,15.2,43.7,85.9
James Gonzalez,19,Female,8.6,89.5,66.5,3,7.3,8.5,Yes,Yes,High,No,Yes,7.5,28.3,24.8,16.1,32.8,84.0
Lucas Brown,20,Male,3.8,86.1,41.5,4,7.6,5.5,Yes,Yes,High,Yes,No,5.3,21.3,30.0,11.0,34.1,66.3
Joseph Lee,20,Male,6.0,97.3,82.3,6,10.0,7.5,Yes,Yes,Medium,Yes,No,7.2,30.0,24.9,16.0,44.8,91.1
Noah Nguyen,16,Female,4.2,90.7,67.5,10,5.5,7.4,Yes,No,Low,No,No,6.9,23.6,26.0,13.2,36.4,73.7
Madison King,19,Male,5.4,82.0,83.2,5,6.7,6.8,Yes,Yes,High,No,No,8.3,27.7,23.3,16.5,50.0,84.9
Noah Allen,17,Male,3.7,97.1,77.3,4,7.5,6.6,Yes,Yes,High,No,Yes,8.8,26.5,28.8,15.4,45.5,86.1
Benjamin Jones,16,Male,5.9,83.4,66.2,9,7.2,7.9,Yes,Yes,Medium,Yes,Yes,6.4,22.1,25.6,12.4,34.7,80.6
Aiden Thomas,17,Female,3.9,86.7,72.4,10,4.8,5.4,Yes,No,High,No,No,9.3,18.1,23.4,15.9,43.5,73.4
Elijah Torres,21,Male,2.1,95.5,77.2,6,8.4,8.9,Yes,Yes,Medium,Yes,No,6.1,24.8,29.7,13.1,39.7,85.7
Jack Hill,21,Male,3.4,82.7,66.7,2,7.3,8.1,Yes,Yes,Medium,Yes,Yes,7.3,22.3,30.0,14.7,34.0,77.3
Owen Garcia,20,Female,3.4,89.2,84.5,3,8.7,6.1,Yes,Yes,Low,No,No,7.4,27.2,27.0,12.2,50.0,79.9
Chloe Nguyen,16,Female,6.5,92.9,58.1,4,9.6,8.4,Yes,Yes,High,Yes,No,5.4,23.8,29.4,12.2,38.4,82.8
Harper Wilson,19,Female,7.4,81.6,86.4,1,7.2,6.9,Yes,Yes,Medium,No,No,8.4,30.0,18.9,15.8,43.4,82.4
Alexander Taylor,19,Female,3.4,80.0,71.2,9,6.8,7.4,Yes,Yes,High,No,Yes,7.6,18.8,20.6,12.2,39.4,74.3
Isabella Nelson,19,Female,3.2,76.9,78.8,9,7.8,8.7,Yes,Yes,Medium,No,No,6.5,25.1,22.4,14.8,47.1,78.3
Jackson Lee,19,Male,5.8,95.0,60.9,6,6.3,5.5,Yes,No,High,Yes,No,7.5,22.7,29.0,14.0,37.3,80.3
Emma Robinson,21,Male,1.4,97.2,94.3,5,7.2,7.8,Yes,Yes,Low,No,Yes,7.6,22.8,26.9,13.1,49.2,83.5
Ava Wright,20,Male,8.0,85.1,74.1,7,5.5,8.2,No,No,Medium,Yes,No,4.3,28.2,25.4,14.6,33.9,89.4
Madison Taylor,16,Male,3.5,69.5,77.2,7,4.3,6.3,Yes,Yes,Low,Yes,Yes,8.6,25.6,25.0,10.7,36.4,72.9
Emily Jones,17,Male,2.8,95.9,61.8,9,6.9,6.1,No,Yes,High,No,No,3.6,22.6,29.0,12.7,33.6,76.1
Daniel Jackson,16,Male,5.9,93.1,65.9,2,8.5,6.2,Yes,Yes,Medium,No,Yes,8.5,24.1,23.9,14.8,45.6,82.1
Avery Wright,17,Female,4.3,94.9,57.2,7,7.0,8.8,Yes,Yes,High,No,Yes,6.6,22.6,27.1,14.0,38.8,75.3
Owen Adams,19,Male,2.5,88.6,62.0,8,5.8,6.7,Yes,Yes,Medium,No,No,8.9,21.9,27.4,13.9,27.8,71.9
Chloe Scott,19,Female,1.1,83.0,91.6,7,7.7,7.7,Yes,Yes,Medium,Yes,No,8.8,24.7,23.9,14.1,48.2,85.9
Chloe Miller,19,Male,3.8,81.1,61.5,4,5.2,7.2,Yes,No,High,No,No,7.7,21.8,21.6,11.5,30.5,70.0
Harper Davis,19,Male,7.2,94.9,63.3,8,8.8,6.6,Yes,Yes,High,Yes,Yes,9.6,23.6,26.0,14.3,35.9,82.3
Joseph Scott,17,Male,5.9,89.5,58.9,7,6.8,7.3,No,Yes,Medium,No,Yes,5.3,25.3,29.0,15.6,38.4,80.2
Mason Jackson,18,Male,6.6,76.0,65.2,8,4.7,8.3,Yes,No,Medium,Yes,No,5.8,26.5,26.2,14.9,32.8,81.8
Samuel Perez,16,Male,7.5,91.7,63.8,2,8.0,9.1,Yes,No,Medium,No,Yes,7.5,27.5,27.0,14.2,44.5,80.1
Aiden Green,16,Female,7.6,93.3,60.5,8,5.9,6.4,Yes,Yes,Low,Yes,No,10.0,26.7,26.2,14.6,36.4,83.4
Madison Young,21,Female,7.9,89.8,79.6,9,7.2,6.7,Yes,Yes,Medium,No,Yes,9.5,30.0,25.1,16.5,41.2,89.7
Noah Garcia,18,Female,1.3,65.1,87.3,3,6.2,6.1,Yes,Yes,Medium,No,No,8.6,24.2,23.2,14.2,49.8,72.9
Mason Williams,16,Male,4.2,89.8,40.0,10,6.7,7.1,Yes,Yes,Medium,No,Yes,8.0,20.2,18.4,8.0,30.8,68.7
Ethan Roberts,16,Male,5.1,97.7,87.0,9,5.6,8.8,Yes,Yes,Medium,Yes,Yes,9.9,28.8,26.3,12.5,39.7,85.5
Grace Taylor,17,Male,2.9,93.2,68.5,6,7.0,8.5,No,Yes,Medium,No,Yes,6.3,23.3,26.7,11.0,46.4,76.2
Joseph Lewis,17,Female,6.5,97.9,68.5,10,3.9,6.8,Yes,No,Medium,No,Yes,6.8,23.6,22.9,14.0,46.9,80.0
Mateo Smith,20,Male,7.8,95.2,68.6,6,9.2,7.5,Yes,Yes,High,No,No,4.8,27.4,27.6,17.4,37.5,85.6
Ava Hall,19,Male,9.9,96.5,62.1,6,8.1,7.1,Yes,Yes,High,No,No,9.8,29.0,28.7,14.9,43.2,90.7
Scarlett Williams,16,Female,6.2,100.0,87.6,8,4.9,8.4,Yes,Yes,Low,Yes,Yes,8.7,27.7,20.1,15.1,40.4,86.7
Jack Scott,17,Male,7.4,98.1,50.2,10,3.7,6.1,No,Yes,Medium,Yes,No,6.9,24.0,24.3,12.0,35.4,76.1
Logan Rodriguez,17,Male,7.7,99.2,74.9,7,7.7,8.2,No,Yes,Medium,No,No,5.6,30.0,29.5,14.7,40.1,86.0
Michael White,20,Male,3.9,93.7,77.8,8,7.8,8.0,No,Yes,Medium,Yes,No,6.8,26.5,23.2,13.4,43.0,82.7
Emily Wilson,18,Male,1.2,89.4,76.6,6,6.2,7.0,Yes,Yes,Low,Yes,Yes,7.5,20.4,23.9,14.3,44.4,74.5
Chloe Miller,16,Female,5.7,85.1,83.5,7,6.7,7.8,Yes,Yes,High,No,Yes,6.6,30.0,25.8,15.0,43.8,87.1
John Scott,16,Female,8.3,90.4,62.8,1,6.8,7.9,Yes,No,Low,No,No,7.4,27.2,21.2,17.3,35.8,79.0
Owen Mitchell,17,Male,6.2,96.4,53.3,8,6.2,7.0,Yes,Yes,Medium,Yes,No,6.3,24.3,27.3,11.2,37.8,79.2
Alexander Hernandez,18,Male,9.5,87.8,76.5,7,5.9,9.0,Yes,Yes,Medium,No,No,6.0,30.0,28.0,16.3,35.8,87.2
Sofia Johnson,19,Male,8.2,96.7,63.1,8,3.9,6.4,No,No,High,No,Yes,6.3,28.1,26.3,13.8,27.2,80.9
Joseph Perez,19,Female,3.8,83.0,61.4,6,4.2,6.1,Yes,Yes,Medium,No,Yes,9.0,22.3,21.9,10.4,37.0,74.1
Chloe Mitchell,19,Male,7.2,91.8,68.6,7,9.9,6.9,Yes,Yes,Medium,No,No,6.4,30.0,28.0,17.1,41.4,88.3
Mason Hernandez,19,Male,2.7,94.6,73.8,4,6.6,7.6,Yes,Yes,Medium,Yes,No,7.2,25.4,23.9,11.7,39.8,81.9
Elizabeth Williams,20,Female,3.2,88.8,67.6,6,4.1,8.6,Yes,Yes,Medium,Yes,No,7.3,20.5,19.8,11.4,37.5,71.6
Mia Gonzalez,20,Female,6.4,96.6,70.9,10,10.0,6.5,Yes,No,Low,No,Yes,5.8,27.9,30.0,11.2,50.0,85.6
Emily Martin,18,Male,9.2,91.5,82.7,5,8.2,7.7,Yes,Yes,Medium,No,No,10.0,30.0,22.0,15.3,43.3,93.9
Mia Johnson,16,Male,1.4,84.2,100.0,6,6.8,8.2,Yes,Yes,Medium,Yes,Yes,5.3,26.2,26.0,17.6,46.9,82.3
Jacob Perez,19,Female,3.3,96.2,67.3,4,4.2,5.9,No,Yes,Medium,Yes,Yes,8.0,23.4,18.8,12.4,44.7,73.8
Ava Roberts,17,Female,9.5,78.9,58.8,5,9.0,8.0,Yes,Yes,Low,Yes,Yes,8.2,26.9,24.1,17.1,36.9,82.2
Emily Adams,19,Female,5.4,99.1,84.4,10,4.5,9.4,Yes,Yes,High,No,Yes,7.7,26.7,26.1,15.4,42.9,91.0
Aiden Wright,18,Female,8.0,91.6,87.7,9,8.3,7.4,Yes,Yes,High,Yes,Yes,7.9,30.0,25.4,17.8,49.8,95.0
Liam Davis,19,Female,1.5,95.6,82.1,8,7.8,9.3,No,Yes,High,No,Yes,5.4,22.3,26.3,14.9,39.3,75.6
Benjamin Nguyen,16,Female,8.6,98.2,65.6,3,7.3,6.3,Yes,Yes,Low,No,No,4.1,28.8,27.9,14.1,39.1,78.1
Olivia Miller,21,Female,3.0,75.5,73.3,5,9.2,7.3,Yes,Yes,Medium,No,No,9.0,23.6,24.3,12.4,46.8,76.6
Emily Campbell,17,Female,1.6,91.1,72.2,7,3.5,7.1,Yes,Yes,Medium,No,No,6.7,22.1,21.7,14.1,42.9,79.0
Logan Hill,17,Male,6.9,88.0,74.5,7,5.7,6.8,Yes,No,Medium,No,No,5.1,27.6,24.8,14.5,45.1,82.5
Elizabeth Torres,18,Male,7.0,97.2,82.1,3,9.1,7.3,No,No,Medium,No,Yes,7.0,27.2,29.6,16.4,38.3,84.7
Harper Williams,20,Female,4.1,95.2,65.9,5,4.7,7.0,Yes,Yes,High,No,No,5.9,23.0,25.3,13.6,32.1,77.0
Emma King,17,Male,7.4,95.0,74.1,5,7.4,7.1,Yes,Yes,High,No,Yes,6.6,30.0,24.5,12.1,39.2,89.7
Daniel Ramirez,20,Male,6.0,94.7,55.1,6,7.2,6.1,No,No,High,No,No,10.0,22.7,27.1,11.9,28.6,76.1
Chloe Perez,17,Female,3.7,98.7,83.4,4,5.7,7.8,Yes,Yes,Medium,No,No,9.0,24.6,29.4,12.4,46.3,87.7
Chloe Davis,20,Female,6.6,83.1,70.8,3,5.4,7.2,Yes,No,High,No,Yes,5.0,25.4,17.8,14.6,35.2,71.2
Madison Martin,16,Female,1.5,92.5,63.2,10,6.4,6.1,Yes,No,High,No,No,7.0,21.8,21.2,9.2,40.4,70.3
Abigail Sanchez,16,Female,9.4,95.5,60.9,7,10.0,7.2,Yes,Yes,High,Yes,No,5.9,26.7,29.0,14.9,46.8,95.4
Mateo Rodriguez,20,Male,4.7,97.1,81.8,8,7.8,7.9,Yes,Yes,Medium,Yes,No,7.9,26.8,27.6,15.5,39.8,91.2
Sofia Nelson,21,Female,2.2,98.3,51.1,3,7.9,7.5,Yes,Yes,Medium,No,Yes,8.8,16.3,27.1,9.8,37.7,76.3
Aiden Mitchell,21,Male,4.5,88.2,80.7,6,6.3,7.1,Yes,Yes,Medium,No,Yes,8.0,22.6,23.5,16.0,42.4,85.2
Owen Torres,16,Female,7.8,81.8,63.3,8,3.0,7.2,Yes,Yes,Medium,No,No,6.8,27.9,20.5,12.8,38.5,84.7
Jacob Scott,19,Male,1.4,94.3,73.5,10,4.6,8.9,Yes,No,High,No,Yes,5.1,19.2,24.2,13.6,41.6,76.4
Michael Jackson,20,Male,4.0,79.5,70.8,5,6.2,6.6,Yes,Yes,Low,No,No,8.5,22.0,22.6,13.6,38.7,70.1
Logan Nguyen,19,Female,9.5,82.9,55.8,7,2.0,8.9,Yes,Yes,Medium,Yes,Yes,9.7,30.0,18.3,13.9,29.3,77.8
Jackson Lewis,20,Female,1.3,96.6,56.9,3,6.0,8.0,Yes,No,Medium,Yes,No,6.3,15.9,30.0,10.8,30.7,69.9
Aiden Wilson,19,Female,1.7,93.3,79.7,10,5.1,8.4,Yes,Yes,Low,No,No,8.2,23.9,16.5,13.8,41.5,77.0
Joseph Hernandez,20,Male,3.0,90.4,64.6,9,3.8,5.4,Yes,Yes,Medium,No,Yes,7.2,18.8,20.7,10.7,32.1,66.0
Evelyn Allen,17,Female,9.6,92.6,60.0,9,6.8,5.8,Yes,Yes,High,No,Yes,7.9,25.4,25.7,13.9,37.7,83.1
Oliver Carter,18,Male,9.6,96.7,59.6,10,10.0,6.5,Yes,Yes,Medium,No,No,9.1,26.8,30.0,15.5,40.1,89.8
Aiden Martin,19,Male,2.5,83.2,54.8,7,5.8,7.6,Yes,No,High,Yes,Yes,7.7,21.3,27.3,10.3,23.8,70.3
Amelia Martinez,16,Male,9.7,98.5,63.8,8,7.5,7.2,Yes,No,Low,No,No,5.6,27.9,25.8,17.4,44.5,89.8
Olivia Thomas,18,Female,4.6,93.5,45.3,9,9.9,8.5,No,Yes,High,No,Yes,6.2,20.3,28.8,11.1,34.0,74.9
Owen Roberts,21,Male,4.6,74.3,52.7,8,4.4,5.9,Yes,Yes,High,Yes,No,4.8,21.6,28.4,9.5,26.6,70.2
Jackson Clark,18,Male,4.0,76.4,64.6,2,7.7,7.0,Yes,Yes,Medium,Yes,No,5.9,20.9,25.3,11.2,32.1,70.5
Samuel Hall,21,Female,1.8,84.1,79.8,9,6.9,7.5,Yes,Yes,High,Yes,No,9.1,26.2,22.8,13.1,46.1,82.4
Levi Sanchez,19,Male,1.6,83.9,84.0,0,9.8,6.3,Yes,Yes,Medium,No,No,8.4,20.4,29.4,12.7,42.5,72.6
James Adams,16,Male,7.0,92.2,73.9,5,5.9,7.9,Yes,Yes,High,No,No,7.0,30.0,24.6,16.1,36.9,85.7
Riley Roberts,19,Male,8.0,98.5,42.3,5,9.7,6.9,Yes,No,Medium,No,Yes,8.3,23.2,30.0,10.8,31.1,77.4
John Ramirez,18,Male,8.2,97.8,69.4,5,6.8,7.0,Yes,Yes,High,No,No,7.6,28.0,30.0,16.2,40.0,90.9
Benjamin Hall,19,Female,5.5,98.2,66.3,3,7.1,7.2,Yes,Yes,High,No,Yes,8.1,25.5,30.0,14.5,42.3,85.2
Noah Scott,16,Male,6.7,96.3,90.0,8,4.1,7.8,No,Yes,Low,No,No,9.0,30.0,17.9,15.2,33.5,86.0
Elijah Robinson,16,Male,1.6,95.1,68.8,3,7.2,7.8,Yes,Yes,Medium,Yes,Yes,8.9,21.4,26.6,9.2,38.4,75.4
Jackson Nelson,20,Female,5.3,95.4,73.2,5,4.8,8.6,Yes,Yes,Medium,Yes,Yes,7.0,28.4,26.5,15.3,36.9,86.2
Riley Lewis,16,Female,7.7,78.5,86.6,6,4.4,7.4,Yes,Yes,Low,No,No,7.6,28.6,19.5,17.0,47.4,84.1
Mateo Lewis,20,Male,7.0,95.4,58.8,10,8.3,7.9,Yes,Yes,High,No,No,4.7,27.2,26.1,13.8,31.1,83.4
Joseph Walker,17,Female,3.8,93.0,67.8,10,4.0,5.7,Yes,No,Medium,No,Yes,4.8,25.0,21.0,12.2,32.1,73.0
Harper Carter,21,Male,3.9,96.5,68.0,9,5.8,5.6,Yes,No,High,No,Yes,7.4,23.4,25.8,14.3,38.2,84.1
Grace Moore,17,Female,6.8,94.7,63.0,5,6.3,7.3,Yes,Yes,Medium,No,No,6.7,25.5,24.1,11.9,35.6,81.1
Grace Thomas,21,Female,2.3,86.6,85.2,4,3.7,5.8,Yes,No,Medium,No,Yes,5.8,27.3,23.1,12.2,40.0,75.7
Avery Jones,17,Female,7.4,99.9,58.6,4,7.5,4.7,Yes,No,Medium,No,No,3.6,25.3,30.0,13.9,33.7,78.3
Alexander Moore,20,Female,9.2,93.6,80.9,7,6.8,7.6,Yes,Yes,Low,Yes,Yes,10.0,30.0,24.2,16.3,45.5,95.8
Abigail Wright,19,Male,3.3,82.9,60.5,10,4.7,6.3,No,Yes,Medium,No,Yes,4.7,15.3,24.3,11.3,40.9,68.1
Isabella Martinez,16,Male,8.1,73.0,44.4,7,9.2,6.8,Yes,Yes,High,No,No,9.9,22.8,30.0,10.8,37.1,75.0
Elizabeth Hall,16,Male,9.6,79.3,64.6,7,8.2,7.1,Yes,Yes,Medium,No,No,6.0,28.8,27.3,16.0,34.9,84.8
Samuel Wilson,18,Male,3.8,86.5,50.5,8,7.0,5.5,No,Yes,High,No,Yes,9.0,20.6,23.4,10.6,31.4,66.8
Sofia Clark,18,Female,2.9,90.7,72.3,10,10.0,5.1,Yes,Yes,Medium,No,Yes,6.4,23.3,22.5,13.0,42.2,73.3
Scarlett Robinson,18,Female,9.1,86.1,67.8,5,5.6,6.6,Yes,Yes,Low,No,No,6.0,26.3,21.4,16.0,35.3,77.5
Noah Wilson,19,Female,6.0,94.0,72.7,7,9.8,4.9,Yes,Yes,Medium,No,Yes,7.0,30.0,29.1,14.1,37.2,81.0
Elizabeth Roberts,16,Male,4.4,79.6,76.7,8,4.1,7.0,Yes,No,Low,Yes,No,4.6,25.8,20.0,13.5,45.4,74.0
Riley Torres,18,Female,4.3,94.8,80.9,8,4.4,7.5,Yes,Yes,Medium,Yes,Yes,9.0,24.0,15.2,13.0,44.5,83.8
Ella Smith,20,Female,3.9,97.2,73.5,7,7.3,7.2,Yes,Yes,Medium,Yes,Yes,7.9,25.9,25.2,14.7,39.5,86.0
Michael Carter,20,Female,2.8,90.6,66.1,8,3.4,7.8,Yes,No,Medium,Yes,Yes,6.4,21.4,21.6,10.3,34.8,73.4
Sofia Wright,20,Male,4.4,90.9,59.8,3,9.5,6.6,No,No,High,Yes,Yes,9.5,16.5,30.0,10.6,41.7,70.6
Levi Anderson,20,Female,4.5,96.8,65.6,4,8.6,8.5,No,Yes,High,No,Yes,6.8,25.8,25.1,15.1,34.2,84.2
Logan Young,17,Male,2.1,89.1,68.5,5,3.3,8.4,No,Yes,Medium,No,No,8.5,24.1,19.5,13.5,40.5,72.6
Elizabeth Perez,16,Female,5.3,93.8,58.3,6,6.7,7.1,Yes,Yes,High,No,No,9.2,22.5,26.4,12.8,41.2,77.0
Penelope Hernandez,17,Female,7.4,93.8,67.1,6,6.1,6.5,Yes,Yes,Medium,Yes,No,7.5,26.0,22.6,12.5,39.0,85.6
Isabella Flores,16,Male,8.0,98.0,100.0,6,3.1,7.0,Yes,Yes,Low,Yes,Yes,8.9,30.0,18.5,13.5,47.4,93.5
Jacob Nguyen,21,Male,4.5,94.9,49.0,8,8.7,8.7,No,No,High,No,No,7.4,18.9,30.0,10.3,37.8,72.5
Oliver Adams,21,Female,5.0,89.4,63.6,10,4.1,9.4,Yes,No,Medium,Yes,Yes,10.0,23.7,26.2,10.8,37.3,80.5
Isabella Robinson,17,Male,1.1,93.7,75.7,8,8.7,7.0,Yes,Yes,Low,No,No,6.6,20.0,25.3,11.5,41.5,74.6
Noah Taylor,21,Female,6.1,85.0,64.3,5,8.5,7.1,Yes,No,Medium,No,Yes,6.2,23.7,21.8,10.6,37.4,80.0
Abigail Wilson,19,Female,1.4,92.4,63.4,9,7.2,9.0,Yes,Yes,High,Yes,No,10.0,21.4,24.9,11.0,39.5,76.3
Abigail Perez,18,Female,3.0,99.5,50.2,8,5.7,6.1,Yes,No,Low,No,No,6.3,17.5,21.8,11.0,32.5,63.7
Mason Carter,19,Female,2.6,94.6,71.4,3,8.7,8.0,Yes,Yes,High,Yes,No,7.3,23.0,27.6,11.1,32.5,83.3
Harper Garcia,16,Female,6.2,85.3,50.5,6,6.5,5.0,Yes,Yes,Medium,No,Yes,7.4,22.0,19.0,12.8,36.5,67.6
Liam Mitchell,17,Male,7.9,95.3,64.3,5,6.5,8.0,No,Yes,Medium,Yes,No,4.7,26.9,24.4,18.3,46.0,85.4
Emily Anderson,18,Male,3.8,80.8,40.0,8,7.4,6.9,No,Yes,Low,No,No,6.0,17.1,20.3,12.1,30.7,62.3
John Adams,21,Male,1.6,86.4,82.1,1,8.2,8.7,Yes,Yes,High,No,No,7.3,22.4,24.4,15.8,44.4,75.3
Riley Johnson,19,Male,4.0,91.7,52.3,3,9.1,6.8,Yes,No,Medium,No,No,7.3,20.3,28.1,11.8,39.2,76.0
Amelia Johnson,21,Male,1.9,88.1,56.6,6,8.9,7.9,Yes,No,Medium,No,Yes,7.2,18.8,27.8,12.9,35.9,70.0
Alexander Rodriguez,21,Female,2.0,99.4,53.4,10,8.8,6.8,Yes,No,Medium,Yes,No,9.0,20.0,24.7,12.0,39.3,76.4
Chloe Davis,17,Male,8.0,96.0,67.1,10,5.5,7.9,Yes,Yes,Medium,No,Yes,7.5,29.3,22.9,13.7,40.4,86.7
Jackson Hall,20,Female,2.3,96.0,40.0,6,7.6,6.7,Yes,Yes,High,No,No,9.7,13.4,23.6,7.1,25.3,63.8
John White,18,Male,6.5,99.2,44.1,7,8.2,4.3,Yes,No,Low,No,Yes,10.0,19.7,27.5,9.6,24.5,67.7
Aria Hill,19,Male,5.8,86.2,83.8,10,5.4,8.8,Yes,No,High,No,No,7.4,29.2,26.5,17.1,38.2,88.2
John Hernandez,19,Female,5.4,87.3,76.0,0,5.8,6.7,Yes,Yes,High,No,Yes,10.0,25.8,20.7,15.8,38.0,77.0
Sophia Nguyen,17,Male,6.4,97.2,68.2,3,9.4,8.1,Yes,No,Medium,No,Yes,5.7,25.3,25.6,13.6,39.9,81.1
Michael Torres,21,Female,9.2,92.7,58.5,6,8.0,6.2,Yes,Yes,Medium,No,No,6.5,27.7,26.8,14.5,42.7,82.6
Jacob Rivera,21,Male,8.3,96.6,91.8,4,4.2,9.1,Yes,Yes,Medium,No,No,5.3,30.0,25.3,18.4,40.4,88.9
Ava Nguyen,16,Male,1.2,80.0,59.8,9,6.7,7.8,No,Yes,High,No,Yes,5.4,19.3,22.3,11.5,36.5,69.1
Sophia Hall,19,Female,7.7,95.3,65.8,5,4.4,7.3,Yes,Yes,Low,No,No,10.0,29.0,28.2,15.5,34.1,82.6
Aiden Hill,19,Male,6.6,83.0,75.3,8,6.2,8.0,Yes,Yes,Low,No,Yes,8.6,22.7,19.7,16.3,37.1,79.4
Victoria Williams,16,Female,7.1,92.9,76.6,5,4.4,8.8,Yes,Yes,Medium,No,No,6.5,27.5,18.6,13.3,34.4,79.8
Scarlett Ramirez,18,Female,9.1,93.4,75.9,6,8.7,7.3,Yes,Yes,Low,Yes,No,9.3,30.0,27.6,13.9,35.6,92.4
Ava Allen,16,Female,3.3,95.9,81.2,3,7.6,7.5,Yes,Yes,High,No,No,8.3,23.8,28.5,15.2,41.8,87.3
Emma Clark,18,Female,6.6,88.6,69.8,9,6.8,7.7,Yes,Yes,High,No,Yes,2.9,24.7,22.1,14.4,44.2,83.9
Sophia Ramirez,16,Female,7.5,97.2,55.4,10,8.1,7.9,Yes,Yes,Medium,No,Yes,5.6,23.1,27.8,11.5,35.7,84.8
Grace Robinson,21,Male,4.2,85.1,95.8,2,8.7,7.6,Yes,Yes,Low,No,Yes,6.6,30.0,26.1,16.1,50.0,91.9
Logan Lopez,16,Female,5.1,99.8,58.8,5,3.7,7.8,Yes,Yes,High,Yes,Yes,7.4,26.0,23.2,13.4,29.6,80.9
Owen Wright,21,Female,5.2,97.1,69.9,5,5.9,7.8,Yes,Yes,High,No,No,5.5,21.7,23.9,13.1,39.8,79.2
Jackson Ramirez,18,Female,6.9,89.7,62.0,5,4.9,7.3,Yes,No,Medium,Yes,No,9.7,28.4,21.4,12.4,35.8,81.7
Abigail Thomas,18,Male,8.0,81.8,61.8,9,7.3,9.8,Yes,Yes,Medium,Yes,No,6.5,25.3,22.0,12.2,37.5,73.6
Mason Lewis,16,Male,3.5,91.7,56.1,7,8.9,7.4,Yes,Yes,Medium,Yes,No,9.0,18.4,26.9,9.3,35.4,73.6
Riley Robinson,20,Female,2.3,90.5,77.2,9,6.1,8.3,Yes,Yes,High,Yes,No,4.5,23.9,21.3,14.1,41.9,78.2
Ethan Johnson,17,Female,2.0,85.8,79.1,4,6.7,8.7,Yes,No,High,Yes,Yes,4.7,25.3,23.1,14.9,47.6,82.2
Abigail Lopez,18,Female,5.2,84.8,68.0,5,7.4,4.8,Yes,Yes,High,No,Yes,9.0,27.3,27.6,11.3,42.1,77.1
Lucas Thompson,17,Female,6.5,83.3,65.7,3,4.3,7.0,Yes,No,High,No,No,6.6,24.2,22.2,15.4,32.6,78.7
Ethan Moore,21,Female,8.0,99.7,94.6,6,6.7,6.2,Yes,Yes,High,No,No,9.6,30.0,23.5,16.0,47.7,95.9
Mateo Smith,20,Male,1.7,99.6,58.7,7,3.6,8.1,Yes,Yes,Medium,No,Yes,8.1,21.7,22.4,11.2,36.0,74.2
Oliver Thomas,21,Female,6.4,89.5,40.6,10,6.8,6.9,Yes,Yes,Low,Yes,No,8.7,24.9,25.3,11.9,30.7,71.9
Levi Scott,16,Male,5.5,82.4,69.4,2,7.7,9.2,Yes,Yes,Medium,No,No,7.8,27.6,28.6,14.2,42.6,78.0
Camila Walker,20,Female,2.3,82.8,72.9,7,8.1,7.4,Yes,Yes,Medium,No,No,7.3,25.0,25.2,12.9,40.2,78.0
Avery Johnson,21,Male,4.6,98.5,71.8,2,6.5,7.2,Yes,No,Low,No,No,9.9,24.0,21.1,12.3,43.6,80.4
Evelyn Anderson,18,Female,4.4,91.5,53.6,4,4.0,8.0,Yes,Yes,Low,No,No,8.7,24.9,25.2,9.2,32.1,71.2
Camila Thomas,21,Female,7.2,88.7,69.0,8,7.0,8.3,Yes,Yes,Low,Yes,Yes,8.3,27.5,27.3,14.6,35.6,85.8
Chloe Nguyen,17,Female,5.4,92.8,80.5,6,8.1,6.4,Yes,Yes,High,Yes,Yes,6.0,27.3,23.1,14.3,46.4,87.2
Ella Scott,16,Female,6.0,97.9,49.1,9,6.9,8.7,No,No,Low,No,Yes,8.6,21.0,30.0,12.0,34.6,74.1
Logan Mitchell,19,Female,9.3,94.1,74.7,8,8.5,7.0,Yes,Yes,High,No,No,7.3,30.0,24.3,16.1,43.5,99.2
Emily Hall,17,Female,3.3,95.7,61.8,3,7.5,9.0,Yes,No,Medium,No,Yes,6.1,18.8,30.0,12.3,44.5,71.5
Mason Martin,16,Female,6.1,89.6,65.0,4,6.4,6.5,Yes,Yes,High,Yes,Yes,6.5,28.2,21.9,11.3,39.6,82.1
Mia Davis,21,Male,9.5,99.1,58.0,2,6.9,6.5,Yes,No,High,No,No,8.4,28.7,30.0,16.0,43.3,83.5
Abigail Davis,21,Male,8.3,75.3,49.8,7,4.8,7.8,Yes,Yes,Medium,No,Yes,8.1,27.3,21.7,14.4,31.3,74.0
Amelia Wilson,21,Female,3.4,83.2,43.2,8,3.5,6.9,Yes,Yes,Medium,Yes,No,5.5,15.3,21.5,10.2,27.5,58.0
Mason Campbell,18,Female,7.7,96.1,95.5,7,7.9,6.2,Yes,Yes,High,No,Yes,5.5,30.0,28.3,16.8,50.0,94.8
Sophia Gonzalez,17,Female,8.2,91.5,86.9,6,3.4,6.2,Yes,Yes,Medium,Yes,No,9.5,30.0,18.2,17.3,43.2,86.9
Mia White,19,Male,8.7,90.3,64.5,2,5.0,6.3,No,Yes,Medium,No,No,9.0,30.0,21.1,15.1,33.7,78.0
Michael Smith,16,Male,2.4,89.4,76.6,8,8.0,6.0,No,Yes,Low,Yes,Yes,7.2,24.1,27.8,12.6,47.0,77.0
Mason Williams,16,Male,9.2,92.2,49.0,7,9.8,6.5,Yes,Yes,High,Yes,Yes,10.0,27.2,28.0,10.7,41.5,85.6
Mateo Jackson,21,Male,5.3,81.6,79.6,6,5.4,7.4,Yes,Yes,High,Yes,Yes,9.2,26.6,16.7,13.7,40.1,80.9
Grace Carter,18,Female,9.6,98.6,59.2,9,5.7,7.5,Yes,Yes,Medium,No,No,7.7,28.4,27.5,14.8,40.5,89.9
Sophia Smith,19,Female,2.8,98.4,54.6,8,5.7,7.2,Yes,No,High,Yes,No,6.2,16.6,18.8,9.8,34.7,71.3
Ella Walker,16,Female,4.3,91.2,57.1,6,4.7,7.5,Yes,Yes,High,No,No,8.5,20.7,22.0,9.5,30.4,75.8
Ethan Lopez,17,Male,3.4,83.6,52.5,7,6.6,6.6,No,Yes,Low,Yes,No,5.7,19.2,16.6,8.8,32.7,59.0
Harper Walker,21,Male,9.8,97.4,76.8,8,6.1,6.2,Yes,No,High,No,Yes,8.6,30.0,30.0,18.3,40.7,92.9
Ava Sanchez,19,Female,2.4,96.0,46.5,7,8.1,8.7,Yes,Yes,High,No,No,6.6,18.5,25.8,10.5,31.0,70.1
Ava Torres,19,Male,7.3,85.3,81.3,8,5.7,6.4,Yes,No,Medium,No,No,6.9,27.2,22.9,14.8,42.7,85.4
James Martinez,18,Female,5.6,95.8,60.7,9,8.9,5.9,Yes,Yes,Medium,Yes,No,6.7,26.1,24.9,13.6,38.3,83.4
Oliver Thomas,17,Male,8.5,78.2,79.2,4,5.3,6.5,No,Yes,Medium,Yes,Yes,6.3,30.0,22.0,15.9,40.6,84.9
Mateo Carter,21,Female,1.7,82.2,63.0,8,7.8,5.7,Yes,Yes,High,No,Yes,6.9,19.6,27.7,12.2,37.1,73.4
Aria Hill,18,Male,2.1,83.1,77.0,3,8.7,7.2,No,Yes,High,No,No,8.5,22.1,25.7,10.9,43.8,74.9
John King,19,Female,9.3,89.3,69.1,5,1.9,7.2,Yes,No,Medium,No,Yes,6.0,29.1,15.5,15.9,41.1,82.3
Avery Lewis,16,Female,3.1,78.3,60.0,10,9.7,7.7,Yes,Yes,Medium,No,Yes,7.0,18.2,24.4,12.9,39.9,74.5
Jack Ramirez,20,Female,1.6,94.1,90.3,4,5.6,7.0,Yes,Yes,High,No,No,10.0,24.8,25.6,15.3,41.4,85.5
Victoria Flores,18,Male,6.6,84.3,60.6,8,8.2,5.9,Yes,Yes,Medium,Yes,No,8.6,21.0,25.5,12.0,42.4,76.8
Owen Mitchell,17,Male,5.1,93.3,71.2,3,5.2,5.4,Yes,Yes,High,Yes,No,9.6,25.3,22.0,14.7,32.2,75.3
Riley Wilson,19,Male,2.6,95.2,69.6,5,6.8,8.1,Yes,Yes,Medium,No,No,8.7,21.7,21.2,13.6,36.1,77.3
Harper Nelson,21,Male,4.4,98.7,90.2,8,6.6,7.0,Yes,No,Low,Yes,Yes,5.7,29.4,24.9,14.1,45.2,90.1
Charlotte Thomas,16,Male,6.5,87.1,63.5,9,6.8,5.2,Yes,Yes,Medium,Yes,No,7.9,26.3,23.2,14.3,36.8,77.1
Mateo Jones,19,Male,8.4,70.0,57.5,7,5.3,6.3,No,No,High,No,Yes,7.4,30.0,19.5,14.2,39.8,75.4
Emma Clark,16,Female,1.7,97.6,50.4,3,9.3,7.2,Yes,Yes,High,No,No,5.7,13.8,26.5,11.3,33.7,65.1
Camila Hill,19,Female,9.5,99.3,49.7,4,4.8,10.0,Yes,No,Low,No,Yes,8.5,27.1,18.2,14.1,35.1,72.2
Evelyn Williams,18,Male,3.4,87.9,71.8,9,6.8,7.1,No,Yes,Medium,No,No,5.6,23.0,23.4,15.6,45.0,78.3
Evelyn Rivera,16,Female,7.2,80.7,58.6,8,3.9,6.4,Yes,Yes,High,No,Yes,6.7,25.4,27.2,14.3,35.3,82.9
Camila Robinson,16,Male,2.6,84.8,66.6,8,8.6,7.7,No,Yes,Medium,No,Yes,5.8,19.1,30.0,12.2,35.9,81.0
Aiden Anderson,16,Female,5.4,78.1,88.4,6,4.7,6.2,Yes,Yes,Medium,Yes,No,8.4,24.7,19.9,15.1,40.7,82.8
Grace Nguyen,17,Male,5.7,94.5,72.5,9,7.4,7.4,Yes,Yes,Medium,No,No,8.4,25.6,26.5,14.0,49.0,85.8
Logan Davis,18,Male,3.3,84.4,81.1,8,7.4,5.7,No,No,Medium,No,Yes,5.2,27.2,23.0,10.0,45.0,81.1
Theodore Martinez,17,Female,1.7,88.0,74.2,5,7.5,6.8,Yes,Yes,Low,Yes,No,6.2,19.2,28.5,12.3,41.3,74.5
James Jones,19,Male,4.7,99.6,79.0,5,5.4,7.5,Yes,Yes,Low,No,No,6.2,26.6,18.3,16.8,42.9,84.2
Charlotte Martin,16,Female,8.5,90.7,76.9,9,5.6,4.0,Yes,No,Medium,Yes,Yes,8.2,29.8,22.8,18.1,34.4,83.3
Avery Davis,19,Female,5.2,70.0,83.9,3,8.2,8.7,Yes,Yes,High,No,No,7.7,28.0,28.5,14.8,43.9,79.8
Camila Martin,17,Female,6.7,81.3,75.8,6,10.0,6.3,Yes,Yes,Medium,No,No,7.4,27.2,22.9,18.1,45.2,83.4
Mason Allen,18,Female,3.8,89.6,67.6,8,5.4,5.5,Yes,Yes,Medium,Yes,No,8.7,21.8,24.6,11.4,42.8,75.1
Avery Garcia,16,Male,3.9,96.7,42.4,1,6.8,7.3,Yes,No,High,No,No,6.7,17.0,21.0,9.6,33.5,64.1
Logan Mitchell,21,Female,1.7,88.9,69.4,8,5.8,6.9,Yes,Yes,Medium,Yes,Yes,10.0,20.9,28.6,9.8,35.2,78.2
Aria Taylor,20,Male,5.7,94.4,57.1,9,6.4,8.0,Yes,No,Medium,No,No,6.1,25.5,27.9,11.8,37.8,76.7
Oliver Anderson,16,Male,10.0,85.3,88.5,9,7.0,7.3,Yes,Yes,Medium,Yes,Yes,6.8,30.0,23.4,17.4,39.4,94.6
Riley Baker,17,Female,1.5,94.2,77.2,10,4.2,9.2,Yes,Yes,Low,No,No,5.1,27.8,25.2,14.9,41.3,75.8
Victoria Williams,17,Male,1.1,96.2,74.0,7,6.7,9.3,Yes,No,Medium,No,Yes,8.6,22.5,26.2,14.2,41.5,75.9
Ella King,21,Female,7.7,96.5,54.9,8,8.3,8.9,Yes,No,Medium,No,Yes,5.4,23.1,30.0,12.9,44.9,81.4
Mason Lopez,18,Female,1.0,95.9,56.1,5,6.2,8.0,Yes,Yes,Medium,No,No,8.2,14.1,25.7,7.2,38.6,65.3
Grace Young,17,Male,4.5,81.4,40.0,5,7.2,6.9,Yes,No,High,Yes,Yes,10.0,16.8,26.3,8.9,32.8,64.2
Ella Thompson,20,Female,3.7,90.6,63.1,4,5.5,5.2,Yes,No,Medium,Yes,Yes,5.1,21.0,20.7,15.6,43.9,66.7
Ethan Lee,19,Male,6.1,98.1,63.4,9,5.1,8.8,Yes,Yes,High,Yes,No,10.0,24.6,24.3,16.2,30.2,79.0
Charlotte Perez,18,Female,9.9,95.2,68.7,0,5.2,7.0,Yes,Yes,Medium,No,Yes,9.0,30.0,21.1,18.5,33.6,84.6
Camila Young,19,Female,1.9,97.9,93.5,3,5.4,8.5,Yes,Yes,Medium,Yes,No,7.4,27.7,23.6,13.7,40.5,88.0
Chloe Sanchez,18,Male,7.0,89.1,58.0,1,10.0,6.3,Yes,Yes,Low,No,No,6.9,26.8,26.8,11.5,39.6,75.9
Jackson Garcia,17,Female,3.8,85.7,70.6,8,7.3,6.7,Yes,No,Medium,No,Yes,6.2,25.2,26.3,13.1,35.0,78.3
Harper Lee,16,Male,1.9,91.0,74.0,6,8.3,6.7,Yes,Yes,Medium,Yes,No,7.7,17.1,28.0,13.8,40.0,76.9
John Sanchez,17,Male,4.7,87.1,70.3,5,3.8,5.5,Yes,No,High,No,Yes,9.5,24.2,21.3,12.6,35.3,77.3
Chloe Wright,19,Female,7.7,82.3,71.3,8,7.5,6.1,Yes,Yes,High,No,Yes,7.3,27.2,28.1,15.7,36.5,87.1
Sofia Brown,19,Male,5.3,72.2,61.3,8,5.3,5.5,Yes,No,Low,No,Yes,9.9,25.0,25.2,15.5,34.7,67.1
Sebastian White,18,Female,9.6,88.9,51.5,9,6.2,5.7,Yes,Yes,Low,No,No,6.7,27.7,29.4,13.9,33.6,83.8
Grace Lewis,21,Male,3.2,98.7,74.6,9,5.8,7.6,No,Yes,Medium,Yes,No,6.3,24.5,25.7,15.3,36.1,81.5
Lucas Moore,16,Male,1.3,94.8,54.4,5,9.0,7.6,Yes,Yes,High,No,Yes,6.6,18.6,27.4,12.9,40.3,77.5
Evelyn Lewis,18,Female,1.5,73.3,49.8,5,8.4,7.1,Yes,Yes,Medium,No,Yes,9.6,18.3,21.0,8.6,33.5,58.8
Elijah Johnson,19,Male,7.8,88.6,76.2,9,4.7,9.2,Yes,Yes,Low,Yes,Yes,7.2,29.4,26.2,15.4,36.4,86.9
Samuel Hernandez,17,Female,2.7,99.9,49.7,9,6.0,8.0,Yes,Yes,Medium,No,No,10.0,16.5,26.4,13.1,34.6,74.4
Mateo Smith,17,Female,7.2,96.3,59.5,8,7.7,7.3,Yes,Yes,Medium,No,No,8.4,24.0,25.9,13.3,33.2,80.9
Oliver Anderson,21,Male,6.9,99.6,90.1,7,6.6,7.8,Yes,No,Low,No,Yes,10.0,30.0,26.0,15.9,48.9,95.0
Jackson Davis,19,Male,8.1,83.4,67.8,5,6.8,7.3,No,Yes,High,No,Yes,7.6,27.5,19.1,15.0,40.1,79.5
Levi Rivera,21,Female,3.4,94.8,83.0,3,6.5,7.6,Yes,Yes,Medium,No,No,8.4,23.7,27.4,12.9,43.0,82.5
Madison Rivera,19,Female,2.1,99.3,76.0,8,3.3,6.4,Yes,No,Low,Yes,Yes,9.1,23.5,23.1,11.3,44.5,77.6
Sofia Walker,21,Female,8.6,90.5,58.5,8,6.4,7.0,Yes,No,Medium,No,No,9.2,28.6,30.0,11.4,34.8,84.4
Alexander Robinson,18,Male,5.4,99.6,89.4,7,7.9,8.2,Yes,Yes,Medium,No,Yes,8.5,30.0,27.3,17.3,50.0,91.6
Elizabeth Gonzalez,20,Male,4.2,88.4,62.9,5,4.2,8.8,Yes,Yes,Medium,No,No,7.8,21.1,20.3,11.8,36.6,67.9
Ava Moore,16,Female,6.8,91.3,91.5,9,7.7,5.8,No,No,Medium,No,Yes,7.0,30.0,24.8,15.4,48.5,88.3
Ethan Allen,16,Female,7.7,95.1,71.4,10,3.4,9.0,No,Yes,Low,No,Yes,8.9,29.5,23.8,18.0,34.7,84.9
Emma Jackson,20,Female,7.9,97.3,67.3,4,7.9,6.9,Yes,Yes,High,No,No,7.9,25.4,27.5,13.6,33.0,81.7
Jack Nguyen,17,Female,9.7,89.6,54.7,5,1.3,8.3,Yes,Yes,High,Yes,Yes,6.7,26.7,24.8,14.2,26.7,83.1
James Lewis,17,Female,9.2,94.5,81.0,10,6.3,6.3,Yes,Yes,High,No,No,6.9,30.0,27.8,17.6,46.9,95.8
Emily Perez,19,Female,4.2,99.0,59.3,6,4.1,8.2,Yes,No,Low,No,No,8.7,23.8,24.1,10.8,29.8,72.6
Jackson Lee,19,Male,1.6,83.4,72.8,7,6.0,8.2,Yes,Yes,Medium,Yes,No,6.4,23.6,23.1,12.2,46.2,78.5
Camila Thomas,18,Female,1.6,81.0,67.7,8,8.6,7.2,Yes,Yes,Medium,Yes,No,7.4,18.8,23.9,10.0,37.7,69.0
Mia Roberts,17,Female,1.1,98.7,77.2,8,5.7,5.5,Yes,Yes,High,No,Yes,8.6,19.6,27.4,12.1,39.0,80.8
Olivia Lee,18,Female,4.8,91.7,83.8,6,7.9,10.0,No,Yes,High,No,Yes,7.7,28.9,26.1,15.6,44.4,83.1
Samuel Harris,19,Female,4.7,95.6,60.2,10,8.0,6.2,Yes,Yes,Low,No,Yes,8.3,22.7,23.4,11.1,36.4,76.6
Chloe Adams,20,Male,7.2,99.4,53.4,9,6.5,8.4,No,No,High,No,Yes,6.8,19.7,29.9,10.7,37.0,81.9
Levi Williams,19,Male,8.3,99.0,72.6,7,7.9,7.3,Yes,Yes,Medium,Yes,No,9.3,30.0,24.8,14.6,36.4,91.4
Madison Nguyen,16,Female,8.3,98.3,58.0,9,4.6,6.3,Yes,Yes,Medium,No,Yes,6.8,26.7,23.4,13.8,40.4,83.5
Sophia Lewis,19,Male,3.1,93.5,73.5,10,10.0,5.6,Yes,Yes,Low,No,No,7.9,22.5,26.9,13.3,39.4,77.5
Sebastian Robinson,20,Male,4.1,95.1,52.3,7,6.0,6.6,Yes,Yes,Low,No,No,9.0,20.2,24.9,11.7,33.3,74.6
Penelope Martinez,19,Female,7.9,97.5,52.2,5,8.4,6.7,Yes,Yes,Medium,No,Yes,6.3,25.1,30.0,15.6,30.1,82.3
Theodore Martinez,19,Male,9.9,84.9,45.2,9,4.5,5.6,Yes,Yes,Medium,Yes,Yes,6.5,27.3,22.4,13.5,27.7,78.8
Ella Taylor,16,Female,2.1,90.9,69.6,7,5.1,7.2,Yes,Yes,Medium,Yes,Yes,7.6,21.4,29.2,10.0,37.5,76.3
Owen Hall,18,Female,4.8,92.1,48.7,5,4.2,7.6,Yes,No,Medium,Yes,No,6.2,17.7,29.4,11.2,30.6,72.4
Theodore Garcia,21,Female,2.6,89.8,74.6,4,7.1,5.4,Yes,Yes,Medium,Yes,Yes,4.5,18.6,26.3,13.9,36.1,69.9
Aiden Wright,21,Female,6.4,87.6,71.8,6,8.7,7.2,Yes,Yes,High,Yes,No,10.0,26.7,23.3,13.6,43.5,85.7
Abigail Green,19,Female,4.5,92.5,43.2,5,3.5,7.7,Yes,No,Medium,Yes,No,8.2,20.6,26.0,8.5,29.8,71.7
Scarlett Williams,21,Male,7.0,92.5,65.3,7,5.7,7.5,Yes,Yes,Medium,Yes,No,6.1,22.6,26.3,15.3,42.7,85.5
Alexander Green,16,Female,8.5,80.6,71.2,10,4.9,7.9,Yes,Yes,Medium,No,No,10.0,28.4,25.7,14.5,38.6,88.1
Mia Mitchell,21,Male,3.6,94.7,42.8,10,8.3,7.1,Yes,Yes,Medium,No,No,5.6,17.6,19.7,10.6,29.2,68.1
Logan Miller,20,Male,5.7,99.8,56.2,7,10.0,5.2,Yes,Yes,Medium,No,Yes,4.9,17.6,30.0,11.5,37.5,70.6
Avery Hernandez,21,Female,7.7,81.7,69.4,9,7.7,6.7,Yes,Yes,Medium,No,No,7.2,24.6,25.3,13.7,42.6,83.1
Liam Williams,19,Female,4.0,78.2,57.8,8,6.5,5.9,Yes,Yes,Medium,Yes,No,10.0,23.5,23.0,11.1,34.9,71.9
Noah Jackson,21,Female,2.3,88.9,64.3,7,10.0,6.2,Yes,Yes,High,Yes,Yes,10.0,16.6,27.8,11.6,41.0,77.8
Daniel Ramirez,16,Male,7.2,94.6,66.4,6,9.4,8.7,No,No,High,No,No,8.1,27.0,29.8,13.6,41.7,84.4
Alexander King,21,Female,2.2,88.4,71.2,6,8.7,7.1,Yes,Yes,Medium,No,No,10.0,23.3,24.3,14.1,41.0,78.8
Victoria Baker,16,Male,6.6,96.7,58.5,10,10.0,6.7,Yes,Yes,Medium,Yes,No,6.8,22.5,30.0,11.1,39.3,84.4
Charlotte Lopez,21,Male,9.5,99.3,76.5,8,8.5,7.2,Yes,Yes,High,No,No,6.3,30.0,25.7,17.7,43.8,95.7
Owen Harris,16,Male,5.0,95.2,57.2,8,7.3,8.0,Yes,No,Medium,No,No,6.8,21.7,25.4,12.2,36.7,78.8
Levi Nguyen,19,Male,3.8,95.1,61.3,9,5.2,6.4,Yes,No,Medium,No,Yes,9.2,21.6,21.2,15.0,35.9,76.3
Mia Robinson,18,Female,5.7,82.7,66.0,1,2.9,6.3,Yes,Yes,Low,Yes,Yes,8.0,23.5,21.0,13.7,37.5,75.1
Jackson Taylor,19,Male,6.2,98.1,51.9,2,4.9,6.2,Yes,Yes,High,No,No,7.6,23.9,22.7,13.9,32.4,71.7
Jackson Jackson,20,Male,8.2,77.5,58.1,7,8.3,8.2,Yes,Yes,Medium,No,Yes,7.9,27.8,27.4,13.1,41.9,83.6
Ava Lewis,18,Female,6.3,75.2,49.2,10,7.7,4.6,Yes,Yes,Medium,No,Yes,6.7,20.5,18.5,14.1,26.2,65.4
Jack Martin,17,Female,7.2,92.7,75.4,7,2.8,8.5,Yes,No,High,Yes,No,7.6,29.9,26.4,15.8,40.7,87.7
Camila Taylor,21,Female,7.4,89.3,58.6,8,6.8,5.8,No,Yes,Low,Yes,No,9.4,26.1,22.6,15.0,33.3,74.9
Michael Gonzalez,18,Female,4.7,98.9,66.9,9,4.7,7.4,Yes,Yes,Medium,Yes,Yes,8.2,22.0,25.1,12.0,37.6,78.8
Ella Miller,20,Male,1.3,88.9,76.7,4,10.0,8.7,Yes,Yes,Medium,No,No,5.7,21.6,23.8,14.6,41.8,74.1
Elizabeth Torres,17,Female,4.9,90.0,45.2,7,5.3,6.6,Yes,Yes,High,No,Yes,7.8,15.5,26.4,9.5,27.0,70.3
Victoria Jackson,20,Female,9.3,85.6,40.0,1,6.5,8.1,Yes,Yes,Medium,No,Yes,5.2,22.0,22.5,11.9,39.0,67.3
Liam Nelson,21,Female,4.4,90.0,70.8,7,4.1,6.3,Yes,Yes,High,No,No,7.7,23.5,19.2,14.0,44.5,77.7
Mason Smith,16,Male,3.6,99.9,58.7,1,5.1,8.7,Yes,Yes,Medium,No,No,6.3,24.3,28.1,10.6,35.4,75.4
Aria Mitchell,21,Female,9.6,76.7,83.4,8,4.5,8.6,Yes,Yes,Low,Yes,No,7.5,30.0,21.7,16.4,32.5,85.7
Evelyn Roberts,19,Male,8.8,94.3,61.8,10,5.2,6.3,Yes,Yes,High,No,Yes,8.2,24.5,21.3,13.5,35.2,76.7
Aria Thompson,20,Male,4.4,98.8,49.1,9,7.8,6.4,Yes,Yes,High,No,Yes,9.3,20.0,29.7,12.7,36.0,76.8
Grace Gonzalez,18,Female,9.3,90.8,85.4,5,5.9,8.4,No,No,High,Yes,Yes,4.4,30.0,26.9,18.0,42.5,94.6
Aiden Carter,21,Male,3.9,76.0,57.6,5,8.2,6.0,Yes,Yes,Low,No,No,10.0,20.2,21.6,10.6,48.4,69.3
Grace Miller,17,Male,8.8,99.6,43.7,7,9.2,9.0,No,No,High,Yes,Yes,4.8,26.5,30.0,10.1,27.2,79.1
Michael Lewis,18,Male,8.4,99.2,41.3,10,5.7,6.8,Yes,Yes,Medium,Yes,Yes,9.2,21.0,24.7,14.1,24.0,77.0
Jack White,19,Male,7.0,85.2,61.8,8,5.8,7.2,Yes,Yes,Medium,Yes,No,9.2,23.5,22.7,13.1,36.3,78.9
Oliver Jackson,16,Female,2.2,95.6,76.0,9,9.8,7.8,Yes,No,Medium,No,No,7.2,25.8,30.0,10.6,46.4,85.6
Joseph Clark,17,Male,6.8,97.6,60.2,10,6.9,6.9,Yes,Yes,Medium,No,No,7.3,27.7,28.7,15.0,35.0,83.3
Amelia Rodriguez,16,Female,5.8,99.5,71.2,2,9.6,7.6,Yes,Yes,Medium,No,No,7.7,26.2,24.2,13.5,43.0,84.2
Sebastian Allen,21,Female,8.0,99.2,65.5,8,4.8,6.8,No,No,Medium,Yes,Yes,5.9,27.8,24.0,13.8,37.8,83.9
Charlotte Taylor,16,Female,7.1,98.9,90.6,10,4.5,8.9,Yes,Yes,Medium,No,No,7.8,30.0,25.8,17.8,46.1,95.8
Evelyn Mitchell,19,Female,1.4,71.7,46.2,4,6.1,7.4,Yes,No,Low,No,Yes,4.4,13.4,27.4,10.4,26.5,59.1
Elijah Robinson,20,Male,2.5,99.5,84.6,10,7.0,7.8,Yes,No,Medium,No,No,9.9,26.3,23.7,11.6,41.1,84.8
James Carter,20,Male,9.7,81.6,65.4,6,1.5,6.8,Yes,No,High,No,No,6.3,30.0,22.8,18.2,32.8,81.3
Aiden Campbell,21,Female,4.3,86.5,48.9,8,7.4,9.7,Yes,Yes,Low,Yes,No,8.0,22.0,27.0,12.0,26.9,68.4
Mateo White,17,Male,1.5,98.8,75.7,7,4.7,8.3,Yes,Yes,High,No,No,5.7,16.3,21.5,14.7,36.7,74.6
Jacob Smith,19,Female,8.1,91.0,56.2,6,5.4,7.9,Yes,Yes,High,No,No,9.8,28.4,24.7,13.7,34.5,83.6
Scarlett Davis,17,Female,3.8,94.2,85.3,6,9.1,8.4,Yes,No,Medium,No,No,7.2,26.4,23.4,13.7,40.7,81.6
Daniel Baker,20,Female,4.3,82.9,89.9,10,2.5,5.9,No,No,High,Yes,No,10.0,30.0,22.2,15.3,44.1,83.0
Jack Harris,19,Female,9.1,89.9,63.0,10,6.8,6.9,Yes,Yes,Low,No,No,6.1,27.5,29.5,15.4,32.4,84.6
Sophia Baker,18,Male,5.2,87.2,55.8,8,7.0,9.1,Yes,Yes,High,No,No,7.9,19.2,23.8,12.7,38.0,71.6
Ella Johnson,18,Female,6.3,90.2,57.9,6,8.1,9.6,Yes,Yes,Medium,Yes,No,9.8,25.6,24.3,12.2,41.6,77.2
Owen Anderson,21,Male,5.8,70.8,74.1,8,10.0,4.9,No,Yes,Medium,Yes,Yes,7.1,30.0,19.9,12.3,47.0,77.4
Grace Robinson,18,Female,7.5,94.4,75.9,10,8.3,8.7,Yes,No,Low,Yes,No,10.0,26.5,25.1,15.3,46.5,90.9
Theodore Clark,17,Male,9.0,81.9,71.5,6,3.2,4.0,Yes,No,High,No,Yes,4.7,28.0,20.3,17.7,35.9,76.5
Isabella Williams,21,Male,5.1,94.8,79.9,8,9.5,5.9,No,Yes,Medium,Yes,No,6.9,29.4,20.8,13.6,50.0,82.4
Michael Young,19,Male,1.2,95.3,88.4,5,7.9,5.9,Yes,Yes,Low,No,Yes,8.7,23.7,30.0,15.4,49.8,83.7
Sophia Thomas,16,Male,6.6,81.9,60.0,9,7.3,7.3,Yes,Yes,Medium,No,No,10.0,23.3,17.9,13.5,37.0,78.6
Elizabeth Robinson,21,Female,4.3,99.6,71.3,9,5.7,6.0,No,Yes,Medium,No,Yes,7.5,24.0,27.0,13.6,41.4,81.9
Chloe Mitchell,21,Female,9.5,91.6,72.6,6,2.8,6.6,No,Yes,Medium,No,No,6.8,30.0,28.9,15.5,34.8,87.6
Jack Mitchell,19,Male,9.9,84.3,80.7,6,6.9,7.4,Yes,No,Medium,No,No,6.8,30.0,25.9,15.2,43.7,91.0
Sofia Adams,18,Male,9.2,91.3,48.1,7,6.1,7.8,Yes,Yes,High,Yes,No,7.7,25.4,21.8,14.3,26.1,80.8
Levi Flores,21,Female,3.7,78.6,47.4,9,5.1,6.9,Yes,No,High,Yes,No,7.4,18.8,23.3,10.1,33.1,67.0
Mason Williams,19,Female,6.6,95.3,47.8,9,6.8,7.7,Yes,Yes,High,No,Yes,6.6,20.3,19.7,11.1,37.4,75.7
Lucas Lewis,20,Female,5.4,98.7,62.7,10,7.7,8.0,Yes,No,Medium,No,No,8.9,23.4,26.2,16.1,40.9,82.0
Alexander White,17,Male,9.7,78.8,71.1,1,9.1,5.9,Yes,Yes,Medium,No,Yes,7.9,30.0,26.9,16.1,41.6,83.3
Aiden White,19,Female,2.7,99.2,71.2,2,6.0,6.7,Yes,Yes,Low,No,No,8.9,21.6,30.0,12.1,42.3,76.1
Noah Sanchez,18,Female,2.4,75.5,52.3,10,8.0,5.6,Yes,No,High,No,Yes,5.2,16.4,21.7,9.8,30.9,64.6
Amelia Davis,20,Female,9.5,95.9,66.9,6,8.3,6.1,Yes,Yes,Low,No,No,8.5,30.0,27.0,16.8,43.8,86.7
Oliver Nelson,20,Male,3.9,81.9,81.4,5,8.1,6.1,Yes,No,Low,No,No,10.0,24.7,20.2,10.8,50.0,75.5
Theodore Green,16,Male,6.6,94.3,48.4,9,2.6,8.1,Yes,Yes,Medium,No,No,8.1,21.2,22.6,13.4,32.3,72.0
Noah Perez,16,Male,1.6,99.1,78.6,5,10.0,5.9,Yes,No,Medium,No,No,7.3,18.2,25.6,12.5,43.2,75.7
Isabella Torres,18,Male,2.7,86.8,57.2,6,4.3,4.7,Yes,Yes,Medium,Yes,Yes,8.9,16.9,21.9,10.0,29.9,66.5
Ava Carter,19,Male,6.0,93.9,51.5,9,7.1,7.0,Yes,No,Medium,No,No,6.9,26.0,27.6,11.5,36.3,82.4
Jack Wilson,19,Male,4.0,94.9,66.7,8,6.9,8.0,Yes,Yes,Medium,Yes,No,8.0,22.3,29.6,12.7,41.9,81.4
Ethan Roberts,17,Male,6.6,83.7,59.8,8,6.9,5.9,Yes,Yes,Low,No,No,8.1,25.9,22.6,9.3,37.6,70.8
Aria Smith,21,Female,9.4,91.0,89.6,7,1.9,7.1,Yes,No,High,No,No,8.6,30.0,21.0,17.4,44.8,90.9
James Rodriguez,17,Female,2.8,90.9,78.8,10,2.9,8.2,Yes,Yes,Low,No,Yes,7.2,22.3,16.6,12.5,35.5,75.5
Benjamin Davis,17,Male,8.3,92.3,59.1,6,7.0,8.5,Yes,No,Low,Yes,Yes,6.1,25.6,26.6,13.7,38.3,82.2
Isabella Smith,19,Female,9.0,99.3,73.7,6,4.3,5.7,Yes,Yes,Medium,Yes,No,8.2,30.0,19.6,17.8,41.0,87.1
Alexander Nguyen,18,Female,7.8,96.3,55.6,6,8.3,7.3,Yes,Yes,Medium,No,Yes,5.5,23.6,30.0,13.4,29.7,80.0
Liam Lopez,19,Female,5.3,99.2,68.0,5,7.8,6.9,Yes,Yes,Medium,No,No,8.7,26.1,27.8,14.2,38.5,82.9
Noah Rodriguez,21,Female,4.4,86.9,40.0,10,7.9,8.3,Yes,No,High,No,Yes,9.5,21.7,28.4,10.8,24.4,71.3
Sebastian Davis,16,Male,7.3,95.9,47.8,1,10.0,4.1,Yes,No,High,No,No,7.6,23.6,27.4,11.1,36.5,68.0
Ella Lewis,21,Female,4.6,81.1,92.1,9,6.4,7.6,Yes,Yes,Medium,No,Yes,6.3,28.7,20.5,14.6,44.8,86.5
Madison Nguyen,18,Male,1.8,100.0,64.5,5,10.0,7.7,Yes,No,Medium,Yes,No,9.4,21.2,30.0,8.1,38.6,76.8
Avery Allen,19,Male,3.1,80.1,71.9,7,2.7,7.1,Yes,Yes,Medium,No,No,9.3,24.3,23.4,14.9,37.0,72.0
Owen Williams,16,Female,6.9,72.1,75.1,6,9.7,7.1,Yes,Yes,High,Yes,Yes,8.5,27.4,29.7,12.3,39.3,85.2
Jackson Adams,18,Male,5.3,92.8,57.6,7,3.9,6.7,Yes,No,Low,No,No,9.1,22.2,19.6,13.1,37.2,73.6
Noah Walker,17,Female,6.9,84.8,68.9,7,8.2,7.0,Yes,No,Low,Yes,No,9.3,27.3,30.0,12.2,44.1,87.6
Logan Baker,19,Male,8.8,87.0,65.3,8,7.7,8.4,Yes,Yes,Medium,Yes,Yes,7.4,29.5,20.4,13.2,39.7,82.4
Levi Rivera,18,Female,5.6,91.2,67.6,1,6.8,7.4,No,Yes,High,No,Yes,7.6,27.1,30.0,11.5,38.7,79.6
Ava Garcia,21,Female,1.8,94.5,62.9,7,2.7,6.8,Yes,Yes,Low,Yes,Yes,8.3,18.5,23.8,12.3,36.8,72.8
Aria Martinez,17,Male,7.8,90.5,73.4,7,2.3,7.6,Yes,Yes,High,Yes,No,7.7,28.6,20.1,15.0,37.5,82.6
Isabella Moore,19,Female,5.0,77.1,81.8,9,8.0,6.8,Yes,Yes,Medium,Yes,Yes,7.9,26.9,29.1,15.0,38.7,84.5
Elizabeth Hill,20,Female,4.3,92.5,92.1,8,3.9,7.0,Yes,No,Medium,No,No,9.0,25.0,27.9,15.6,49.9,87.6
Jackson Allen,19,Female,4.6,95.7,70.9,6,4.1,8.5,Yes,Yes,Low,No,No,5.8,25.3,25.5,12.8,45.5,82.6
Sophia Hall,16,Male,3.8,86.4,58.3,9,4.2,6.1,Yes,Yes,Medium,No,No,6.3,23.5,20.2,11.8,33.4,67.7
Theodore Adams,17,Male,6.0,92.6,85.5,8,7.3,7.7,Yes,Yes,High,No,No,7.9,26.8,28.6,17.4,50.0,91.9
Logan Lewis,20,Male,3.7,80.1,78.0,3,5.7,7.7,Yes,Yes,Medium,No,No,5.1,24.0,21.8,13.5,40.7,74.3
Sofia Perez,21,Female,4.7,98.0,71.2,8,4.7,8.7,Yes,Yes,Medium,No,No,7.1,25.0,20.4,15.1,38.4,76.2
Jacob Clark,18,Male,3.9,98.4,63.4,6,8.3,5.8,Yes,Yes,Medium,No,Yes,7.7,24.7,21.4,13.1,41.6,74.5
Abigail Ramirez,19,Female,1.8,86.8,76.9,5,7.6,8.0,Yes,Yes,High,Yes,Yes,5.2,21.1,19.2,13.6,49.3,79.7
Chloe Taylor,18,Female,4.7,73.1,86.3,10,6.3,8.7,No,Yes,Medium,No,Yes,7.9,27.7,19.3,16.5,46.2,81.9
James Baker,19,Female,3.1,95.6,46.7,9,5.4,7.8,Yes,Yes,High,No,No,6.1,15.0,23.5,8.5,30.1,70.9
Ava Garcia,16,Male,2.7,88.3,63.4,0,6.3,7.5,Yes,Yes,High,No,No,6.9,22.1,22.1,9.3,38.8,70.9
Oliver Ramirez,21,Male,8.9,92.9,50.6,9,6.4,8.3,Yes,Yes,Low,Yes,Yes,7.2,23.6,21.1,16.5,27.4,80.5
Joseph Mitchell,20,Female,3.9,85.9,72.9,8,3.9,8.5,Yes,No,Medium,No,No,7.1,19.2,22.5,12.9,33.9,70.6
Isabella Scott,16,Male,9.5,93.1,67.6,8,6.3,8.4,Yes,No,Medium,No,Yes,5.4,30.0,25.1,17.5,41.7,88.8
Jack Scott,19,Female,6.7,93.8,55.5,7,4.7,8.5,No,Yes,Low,Yes,No,6.9,28.0,21.1,11.0,30.8,81.4
Chloe Davis,16,Female,1.3,95.9,55.9,8,7.6,7.9,Yes,Yes,Medium,Yes,No,6.2,20.0,27.6,12.0,40.7,71.2
Emily Nelson,18,Female,9.5,87.4,75.0,3,6.5,6.8,Yes,No,Medium,Yes,No,6.1,30.0,23.1,17.8,41.2,84.1
Penelope Brown,21,Female,8.7,85.0,87.9,9,5.0,8.7,Yes,Yes,Medium,Yes,No,8.2,30.0,28.3,18.0,47.6,92.9
Aria Martin,19,Female,1.9,96.7,74.4,7,8.1,7.4,Yes,Yes,High,Yes,No,9.1,22.5,30.0,11.4,37.8,79.4
Sophia Torres,20,Male,3.4,97.3,80.2,2,3.1,7.2,Yes,Yes,High,No,No,6.9,23.7,24.3,12.3,40.1,81.8
James Nelson,21,Female,5.6,97.5,41.9,9,6.0,7.8,Yes,Yes,Low,No,No,7.6,18.5,28.1,11.7,27.3,72.6
Mia Miller,16,Female,2.5,85.0,70.1,10,6.4,6.9,No,No,Medium,No,Yes,7.2,19.8,23.1,12.1,30.9,69.5
Mateo White,17,Male,8.7,90.2,64.4,7,6.4,7.2,Yes,Yes,Low,No,Yes,9.5,26.0,27.6,13.8,32.1,84.3
Riley Moore,20,Male,3.7,87.3,62.7,8,7.0,7.9,No,Yes,High,No,Yes,9.3,20.9,22.6,10.6,40.5,79.8
Logan Scott,16,Male,8.3,95.8,62.6,10,7.9,6.4,Yes,No,Low,No,Yes,8.3,27.4,26.5,14.5,40.6,84.2
Aria Nelson,17,Female,4.4,96.8,57.1,8,6.2,9.0,Yes,Yes,Medium,No,No,6.4,19.5,30.0,11.5,27.6,77.0
Liam Lopez,20,Female,4.7,91.9,86.5,6,7.5,7.1,Yes,Yes,Medium,Yes,No,8.6,30.0,24.5,16.0,46.0,89.3
Camila Carter,21,Female,6.8,85.9,63.2,9,7.7,8.3,No,Yes,Low,No,No,7.5,23.6,22.9,12.2,36.5,77.1
Ethan Thompson,19,Male,1.1,95.2,53.7,6,5.6,6.9,No,Yes,Medium,No,No,6.0,17.7,23.0,9.2,31.2,68.8
Benjamin Martinez,20,Female,9.2,95.5,65.5,4,5.8,7.5,Yes,Yes,Low,No,No,8.2,30.0,26.7,15.7,41.6,87.8
Ava Martinez,20,Male,9.8,81.3,54.5,6,6.7,7.6,Yes,Yes,Medium,No,No,9.8,29.0,25.8,13.8,36.3,85.1
Oliver Mitchell,19,Male,2.4,97.9,94.1,9,6.3,6.7,Yes,Yes,Medium,Yes,Yes,5.9,25.1,20.7,16.3,43.7,85.0
Elizabeth Clark,16,Female,2.1,72.9,67.6,10,6.1,7.1,Yes,Yes,Low,No,No,9.8,18.5,23.2,12.3,39.8,69.5
Ethan Hernandez,19,Female,6.3,85.2,92.4,9,4.5,7.8,Yes,Yes,Medium,Yes,No,4.4,30.0,19.9,15.5,47.7,88.2
Michael Campbell,19,Female,9.9,91.3,79.0,4,5.6,7.2,Yes,Yes,Medium,No,No,8.4,28.7,30.0,18.1,38.0,91.2
John Torres,16,Male,5.2,96.7,63.0,4,7.8,7.3,Yes,Yes,High,No,No,5.1,25.3,26.2,13.5,36.2,81.5
Noah Martinez,20,Male,5.7,89.4,59.4,5,4.8,7.7,Yes,Yes,Low,Yes,No,7.0,26.2,20.2,14.3,37.0,76.3
Riley Flores,21,Male,4.0,71.2,74.8,7,5.6,7.3,Yes,Yes,Medium,Yes,No,8.4,22.3,24.2,12.9,46.9,76.5
Aiden Garcia,18,Female,4.0,91.0,54.7,10,6.9,6.9,Yes,No,High,Yes,Yes,9.5,21.5,29.3,12.3,36.1,74.0
Avery Nelson,17,Female,3.2,87.3,85.4,1,5.2,7.6,Yes,Yes,High,Yes,Yes,10.0,30.0,19.9,13.3,42.4,82.9
Levi Hill,20,Female,6.5,94.0,80.5,9,5.2,6.1,Yes,Yes,Medium,Yes,No,10.0,27.3,27.3,13.4,40.1,88.7
Sofia Moore,21,Male,8.1,94.9,62.4,10,7.2,4.9,Yes,No,Low,No,No,7.2,30.0,21.6,15.4,35.6,76.7
Riley Allen,18,Male,1.9,66.6,82.3,7,8.3,5.9,Yes,Yes,Low,No,No,7.3,22.6,24.5,13.5,36.9,71.4
Emily Ramirez,17,Male,6.5,91.2,65.9,1,5.9,8.9,Yes,Yes,Medium,Yes,Yes,8.8,26.1,23.3,17.5,36.4,78.3
Evelyn Baker,21,Female,6.8,94.4,72.2,8,6.9,7.8,Yes,Yes,Medium,No,No,6.0,29.1,21.4,16.3,40.8,84.3
Sebastian Nelson,17,Female,2.8,92.6,71.4,5,4.8,8.8,Yes,Yes,Medium,Yes,Yes,7.6,22.8,23.1,12.1,40.2,76.4
Olivia Anderson,21,Female,1.9,85.4,75.9,6,4.2,7.4,Yes,Yes,High,Yes,No,6.4,23.9,16.7,12.5,39.3,75.6
Aria Brown,19,Male,2.1,95.0,64.5,8,9.5,8.5,Yes,Yes,Low,No,No,8.4,15.5,22.8,10.5,43.9,73.5
Lucas Martin,16,Male,9.0,96.0,63.8,10,2.8,6.1,Yes,Yes,High,No,No,7.1,30.0,28.1,13.6,31.2,82.5
John Rodriguez,20,Female,9.7,98.1,68.3,10,6.7,6.8,Yes,Yes,Low,No,Yes,7.9,30.0,27.1,17.9,39.2,90.9
Evelyn Lee,20,Male,2.1,89.9,87.1,6,7.7,7.4,Yes,No,High,Yes,No,7.5,24.8,30.0,13.6,39.5,83.7
Emma Young,19,Female,3.5,96.8,76.2,8,5.9,7.5,Yes,Yes,Low,No,Yes,10.0,16.6,26.1,11.2,39.9,77.5
Benjamin Rodriguez,19,Female,2.2,86.7,49.7,7,3.1,7.8,Yes,Yes,High,Yes,No,7.9,19.6,17.4,10.3,31.3,65.3
Scarlett Rivera,18,Male,9.7,97.7,52.6,8,6.3,7.1,No,No,Medium,No,Yes,8.1,26.8,29.5,11.8,36.6,80.2
Madison Scott,19,Female,9.2,92.6,57.5,9,5.8,7.2,Yes,Yes,Medium,No,No,8.6,26.6,24.0,12.0,28.3,81.3
Ava Sanchez,18,Male,3.0,98.2,53.2,6,8.9,5.9,Yes,No,High,Yes,Yes,9.0,18.1,24.1,10.2,35.9,72.7
Logan Johnson,17,Female,3.0,96.1,74.9,9,7.0,7.9,Yes,Yes,Medium,No,Yes,9.8,21.4,26.4,12.9,42.8,82.9
Ava Lee,20,Female,4.2,92.6,53.1,10,5.0,6.9,Yes,Yes,Medium,Yes,Yes,8.3,22.1,18.2,8.9,26.8,71.4
Victoria Sanchez,20,Female,3.0,83.8,62.6,7,7.2,6.3,Yes,Yes,Low,No,No,8.9,19.7,27.6,14.1,45.8,73.3
Evelyn Davis,16,Female,7.1,86.2,67.3,7,2.6,7.9,Yes,Yes,High,No,Yes,10.0,26.2,17.8,14.5,31.2,80.4
Liam Lee,19,Male,7.0,100.0,87.9,5,10.0,6.9,No,Yes,Medium,No,No,7.4,30.0,30.0,18.0,50.0,90.2
Owen Robinson,19,Female,8.8,86.6,71.0,3,5.2,7.7,Yes,No,Medium,No,No,7.1,30.0,20.0,16.5,40.2,81.2
Oliver Ramirez,16,Male,6.1,86.1,58.4,10,9.9,6.8,Yes,Yes,Low,Yes,Yes,8.3,23.0,25.1,13.3,41.8,77.1
Alexander Ramirez,17,Female,3.1,94.5,58.8,9,2.5,8.5,Yes,Yes,Medium,No,Yes,9.5,18.9,25.5,11.7,28.7,73.5
Sebastian Garcia,19,Female,2.2,93.2,77.0,9,8.6,7.7,Yes,Yes,High,Yes,Yes,8.0,21.2,30.0,13.6,42.4,84.3
Michael Mitchell,20,Female,7.8,85.6,62.0,4,4.6,7.0,Yes,No,Low,No,Yes,9.6,28.0,28.5,14.3,34.3,79.8
Mia Perez,16,Male,7.6,96.5,89.1,8,2.4,6.0,Yes,Yes,Low,Yes,No,9.2,30.0,27.0,17.3,44.0,87.0
Ava Allen,21,Male,2.2,92.0,54.5,6,7.2,6.5,Yes,No,Low,No,Yes,5.9,21.3,27.3,13.8,38.6,69.0
Sebastian Allen,17,Male,2.7,88.1,59.8,8,6.1,8.8,Yes,Yes,Medium,No,Yes,7.4,23.7,24.7,14.2,35.2,78.4
John Thompson,20,Female,6.0,94.7,41.7,8,6.1,6.6,No,No,Medium,No,Yes,8.5,21.9,20.3,10.8,30.1,69.3
Penelope Adams,21,Male,3.9,70.1,76.8,7,10.0,8.6,Yes,Yes,Medium,No,No,5.8,23.0,24.4,14.5,38.6,74.4
Alexander Miller,18,Male,9.0,97.1,59.9,9,4.3,7.3,Yes,Yes,Medium,Yes,No,9.1,26.6,30.0,13.5,29.8,86.8
Harper Gonzalez,18,Male,8.5,93.2,71.0,7,7.6,6.4,Yes,No,Medium,No,No,7.5,30.0,22.8,13.8,45.4,85.3
Aria Martinez,19,Male,2.3,97.5,65.3,6,8.6,4.2,No,Yes,Medium,Yes,No,6.8,18.4,23.7,12.2,38.9,69.1
Benjamin Roberts,17,Female,10.0,91.2,64.0,7,6.8,8.5,Yes,No,High,No,No,6.6,30.0,27.1,15.2,30.3,85.9
Jackson Carter,18,Female,8.1,88.4,68.9,8,8.4,6.5,Yes,Yes,Medium,No,No,7.8,29.8,29.1,14.6,40.3,87.9
Aiden Torres,20,Female,3.6,95.9,62.5,2,7.5,8.0,No,Yes,Medium,No,No,6.8,18.8,28.7,14.2,38.3,71.0
Grace Lee,21,Male,6.7,93.4,64.4,3,8.0,7.1,No,Yes,Medium,No,Yes,6.4,28.0,24.3,15.7,40.0,86.8
Avery Jones,17,Female,8.4,85.1,73.1,9,6.2,6.7,Yes,No,Low,Yes,No,7.4,26.6,25.5,16.6,48.2,86.5
Avery Green,18,Female,3.7,99.4,56.9,9,10.0,7.7,Yes,Yes,Medium,Yes,Yes,10.0,24.6,26.0,14.4,35.2,82.9
Mason Nguyen,17,Male,2.3,94.6,74.2,4,9.8,8.9,Yes,Yes,High,No,Yes,4.8,21.0,27.5,12.7,44.6,73.6
Emily Allen,20,Male,6.6,86.0,66.0,5,10.0,6.3,Yes,No,Low,No,No,6.7,23.6,25.7,12.3,40.0,74.9
Michael Robinson,18,Female,6.1,91.8,75.3,7,6.2,6.8,Yes,Yes,High,No,Yes,10.0,25.2,26.1,14.9,42.6,84.1
Olivia Brown,16,Female,9.3,81.8,85.7,9,4.3,8.2,Yes,Yes,Low,No,Yes,6.0,30.0,17.0,14.1,40.6,86.7
Evelyn Jones,19,Male,3.4,93.8,56.0,8,4.2,7.0,Yes,No,Medium,No,No,7.7,20.5,22.4,11.1,28.1,69.6
Owen Hill,19,Female,8.1,98.7,65.4,7,5.5,8.2,Yes,Yes,Medium,No,No,4.7,28.1,25.1,11.9,34.6,82.4
Jackson Nguyen,20,Male,2.7,79.0,70.6,9,6.1,7.4,Yes,No,High,No,Yes,8.6,20.5,24.3,12.3,37.3,77.3
Avery Torres,17,Male,1.1,81.4,73.8,8,5.6,5.4,Yes,Yes,Medium,Yes,No,8.8,19.7,21.7,9.8,34.5,67.6
Abigail Hill,19,Female,7.3,86.7,89.8,6,5.6,6.6,No,No,Medium,Yes,Yes,10.0,29.8,21.4,16.0,43.5,86.1
Madison Martinez,19,Male,3.2,90.5,64.9,10,4.6,5.7,Yes,Yes,Low,Yes,Yes,10.0,19.7,20.1,12.5,31.0,68.5
Avery Miller,19,Female,3.6,99.3,56.3,5,6.6,6.3,Yes,Yes,High,No,Yes,9.4,23.1,26.6,13.7,40.8,80.0
Samuel Garcia,18,Male,3.0,97.9,74.8,5,8.8,7.0,Yes,Yes,Medium,No,Yes,8.8,24.0,23.8,11.2,37.1,81.0
Olivia Thomas,18,Female,8.8,97.5,52.8,7,8.7,5.4,Yes,No,Low,Yes,No,5.7,29.0,20.6,13.2,31.2,76.6
Avery King,20,Male,3.1,98.9,71.8,1,6.0,7.7,No,No,Low,Yes,No,9.0,24.6,29.3,15.4,45.4,79.1
Daniel White,16,Female,6.7,90.5,47.4,4,8.3,5.4,Yes,Yes,Medium,No,No,4.4,20.3,27.5,11.8,32.6,68.4
Elizabeth Clark,20,Female,4.7,77.7,64.3,9,7.7,8.2,Yes,Yes,High,No,No,10.0,25.1,24.2,13.5,41.7,82.2
Aiden Hill,20,Male,7.8,87.3,52.6,3,4.8,8.5,No,Yes,Low,No,No,6.5,24.6,24.0,9.5,34.4,71.5
Grace Adams,17,Female,4.4,88.3,99.1,8,6.1,8.7,Yes,No,Medium,No,Yes,9.6,29.9,24.6,15.6,50.0,94.7
Ava Perez,16,Male,6.9,77.1,75.4,6,3.5,5.9,Yes,No,Low,No,No,7.2,27.4,20.3,15.4,35.7,77.2
Mateo Baker,18,Female,7.1,82.0,76.5,8,3.2,7.0,Yes,Yes,High,No,No,6.9,28.4,20.1,14.1,34.3,85.1
Evelyn Taylor,16,Male,8.2,89.3,56.7,10,10.0,8.2,Yes,Yes,Low,No,No,5.1,24.3,23.0,13.0,43.4,80.7
Ethan Garcia,17,Male,2.2,94.6,75.8,3,7.2,7.4,No,Yes,Medium,No,Yes,8.4,21.2,25.0,14.2,45.7,77.9
Emily Martin,18,Female,6.0,98.4,59.0,7,8.0,6.8,Yes,Yes,Low,No,No,7.6,26.1,28.7,12.9,34.1,80.2
Isabella Hill,21,Male,2.5,98.8,72.4,2,3.4,4.7,Yes,No,Medium,Yes,No,5.8,22.2,19.3,11.9,37.1,67.0
Michael Scott,18,Female,9.9,94.5,71.1,9,8.5,6.7,Yes,Yes,High,Yes,No,7.0,30.0,30.0,18.3,33.7,93.7
Theodore Perez,20,Male,5.3,80.6,61.1,7,9.2,8.1,Yes,Yes,Medium,No,No,8.8,27.4,30.0,14.8,39.2,81.5
Chloe Hall,20,Male,1.1,99.1,84.2,3,7.5,7.3,Yes,Yes,High,Yes,Yes,7.2,22.1,27.3,12.9,48.8,83.7
Theodore Nelson,17,Female,5.4,96.9,81.9,6,5.4,6.7,Yes,Yes,Medium,Yes,No,2.5,27.6,25.1,14.6,46.2,88.9
Madison White,17,Male,2.4,94.6,67.1,6,7.1,6.9,Yes,Yes,High,No,Yes,9.7,19.6,23.4,13.0,37.2,76.1
Daniel Martin,21,Male,2.2,90.0,74.8,10,10.0,8.5,Yes,No,Medium,Yes,Yes,8.4,19.9,30.0,14.3,43.8,80.9
Lucas Perez,17,Female,4.0,90.5,67.3,10,6.4,5.7,Yes,Yes,Medium,Yes,No,6.5,26.2,25.2,11.5,35.7,80.6
Amelia Anderson,20,Male,4.0,96.6,58.1,7,8.5,6.4,Yes,No,Medium,Yes,Yes,6.3,22.5,29.1,12.2,34.1,75.0
James Jones,21,Female,5.3,91.5,72.3,9,5.8,6.1,No,No,High,Yes,No,6.5,23.4,21.8,12.6,48.2,79.9
Sophia Allen,21,Male,5.8,93.7,76.5,7,10.0,7.3,Yes,Yes,High,Yes,Yes,9.5,25.7,30.0,14.5,45.7,91.7
Chloe Perez,20,Male,1.7,85.9,83.7,9,8.3,8.0,Yes,No,Low,Yes,No,7.0,25.2,21.3,15.4,44.6,81.4
Aria Harris,21,Male,3.5,86.0,60.9,4,8.4,5.9,Yes,Yes,Medium,No,Yes,8.5,21.3,25.5,11.3,42.0,70.3
Charlotte Lopez,16,Male,9.7,94.9,65.4,1,7.9,7.3,No,Yes,Medium,No,Yes,9.4,28.9,28.2,16.8,40.3,90.2
Penelope Lewis,19,Male,4.1,76.2,55.1,6,7.8,7.2,Yes,Yes,High,Yes,Yes,7.4,20.2,26.2,9.4,39.6,76.2
Sofia White,17,Male,10.0,88.6,77.9,8,4.8,6.4,No,Yes,Medium,No,No,5.5,30.0,23.5,19.2,41.0,84.2
Avery Flores,17,Female,1.4,89.1,83.0,9,8.7,7.4,Yes,No,Medium,No,No,9.3,24.0,23.7,12.3,45.9,79.5
Riley Mitchell,20,Female,7.8,86.7,65.3,7,3.2,6.4,No,Yes,High,No,Yes,9.7,28.1,19.3,15.7,36.0,79.6
Mia Wright,20,Male,2.5,98.7,71.5,4,8.6,6.3,Yes,Yes,Medium,No,No,4.9,22.2,26.7,14.8,33.6,76.7
Michael Walker,18,Male,6.9,87.2,70.9,9,8.9,9.1,Yes,Yes,Low,No,Yes,7.5,27.4,17.4,16.9,44.1,80.0
Daniel Baker,18,Female,4.1,84.0,60.9,7,5.3,5.8,Yes,No,Medium,No,Yes,7.9,20.4,25.7,12.2,34.0,70.9
Jackson Roberts,17,Female,9.7,98.8,74.5,6,4.3,8.6,Yes,Yes,Medium,No,No,6.2,26.2,22.8,16.2,35.5,85.2
John Harris,18,Female,2.0,99.0,70.2,6,8.7,5.1,Yes,Yes,Medium,No,No,5.9,20.7,22.1,13.3,43.1,75.2
Charlotte Gonzalez,18,Male,5.2,92.8,84.0,8,8.9,7.5,Yes,Yes,Medium,Yes,No,8.0,26.0,30.0,16.0,47.3,91.6
Harper Brown,16,Female,7.1,84.8,63.5,6,6.0,5.3,No,Yes,Medium,No,Yes,6.9,27.9,17.8,16.6,39.0,72.9
Daniel Scott,20,Male,7.4,96.8,53.4,10,7.0,5.5,No,Yes,Low,No,No,7.8,23.2,22.4,11.7,31.4,77.2
Samuel King,21,Male,2.1,93.3,84.7,7,1.0,6.5,Yes,No,Medium,No,Yes,8.8,30.0,18.0,14.5,38.7,75.3
Evelyn Garcia,20,Male,1.9,98.1,40.0,10,8.9,8.2,Yes,Yes,High,No,Yes,7.2,13.1,24.8,8.0,36.4,72.2
Mason Lewis,18,Male,5.5,95.7,72.1,7,5.4,6.0,Yes,No,Low,No,Yes,6.7,28.8,25.5,15.2,43.4,84.3
Logan Garcia,17,Male,8.5,91.8,65.5,7,4.5,9.3,Yes,Yes,Medium,No,No,8.0,28.1,14.8,14.9,36.6,79.7
Avery Thompson,19,Male,7.2,84.0,79.7,9,5.7,6.7,Yes,Yes,Medium,No,Yes,9.1,26.2,29.3,16.3,40.0,89.4
Sofia Brown,16,Female,5.1,93.2,53.3,3,5.5,6.9,Yes,No,Medium,No,Yes,5.8,18.3,23.4,10.8,32.4,68.7
Madison White,19,Male,5.7,95.5,73.4,10,9.3,6.4,Yes,Yes,Low,No,No,6.8,25.7,25.7,13.8,42.4,85.7
Elizabeth Garcia,20,Female,8.5,90.4,68.6,1,8.1,7.3,Yes,No,Medium,Yes,Yes,10.0,28.8,24.5,14.4,40.8,85.9
Mia Johnson,19,Female,5.0,96.3,67.2,3,10.0,7.3,Yes,Yes,High,Yes,No,8.8,20.7,25.1,13.9,36.7,81.3
Sophia Rivera,17,Female,7.5,98.4,81.3,6,5.6,6.0,No,Yes,High,No,Yes,7.1,30.0,28.2,16.8,42.2,91.8
James Rodriguez,19,Male,9.7,87.3,74.8,10,6.1,6.9,Yes,Yes,Low,No,No,8.0,26.8,21.5,15.3,41.0,82.5
Evelyn Walker,17,Male,1.9,94.2,52.7,10,8.8,7.9,Yes,Yes,High,No,No,5.4,20.4,29.3,9.0,41.3,77.8
Riley Rivera,16,Female,7.8,92.7,86.5,10,5.3,5.7,No,Yes,High,No,No,2.5,30.0,24.1,14.3,38.8,85.2
Avery Flores,20,Male,6.8,85.1,76.2,5,7.0,5.7,Yes,Yes,High,No,Yes,9.3,30.0,24.1,15.5,33.6,86.6
Oliver Johnson,18,Female,4.7,79.5,65.5,7,6.7,7.7,Yes,Yes,High,No,Yes,7.1,26.3,24.1,13.5,33.4,78.4
Lucas Martinez,19,Female,2.5,92.4,60.7,9,6.3,7.5,No,Yes,Medium,No,Yes,6.3,21.5,25.3,11.9,39.6,72.5
Elijah Roberts,18,Female,1.8,90.3,82.3,8,10.0,7.7,No,Yes,High,Yes,Yes,7.9,22.9,30.0,14.7,50.0,86.4
Alexander Martin,18,Male,7.1,97.9,54.4,8,7.6,5.7,No,Yes,High,Yes,No,9.1,24.7,20.8,13.8,34.3,76.7
Noah Thomas,16,Female,4.0,78.1,65.0,6,3.5,7.7,Yes,No,High,No,No,7.8,26.6,22.0,13.9,30.8,76.0
Grace Flores,19,Female,5.8,98.3,64.8,4,6.9,8.4,Yes,No,Medium,No,Yes,7.5,23.9,30.0,13.5,42.7,83.2
Ava Davis,18,Female,4.5,87.3,71.6,10,5.7,8.5,Yes,Yes,High,No,Yes,6.5,22.3,18.2,15.2,44.6,78.7
Aria Wright,16,Male,1.5,77.4,70.9,6,4.9,6.6,Yes,Yes,Medium,Yes,Yes,5.9,21.6,21.0,12.2,42.6,71.9
Grace Allen,21,Male,3.8,98.8,66.6,8,4.9,7.3,Yes,Yes,High,No,Yes,4.7,23.2,25.7,14.3,35.9,76.1
Samuel Martinez,19,Female,5.5,98.8,73.6,8,10.0,7.5,Yes,Yes,Low,No,No,7.4,23.2,28.6,15.1,44.3,89.0
Logan Smith,16,Female,9.1,87.0,40.4,7,8.2,8.3,Yes,Yes,Low,No,No,8.6,22.6,30.0,14.2,34.4,76.2
Alexander Torres,18,Female,6.6,82.1,53.0,3,9.1,6.1,No,Yes,High,Yes,Yes,8.0,23.0,27.2,11.4,39.8,77.9
Benjamin Nelson,19,Male,7.2,93.6,42.6,8,9.1,8.7,Yes,Yes,Medium,Yes,No,7.0,19.1,25.3,12.7,29.3,71.6
Sebastian White,16,Male,3.8,99.0,80.8,8,6.5,6.1,Yes,Yes,Medium,No,No,9.5,24.9,22.0,13.5,44.5,79.4
Sebastian Wright,20,Male,2.1,91.7,61.5,8,8.0,5.8,Yes,Yes,Low,No,Yes,8.8,20.9,23.1,14.9,42.2,72.1
Elizabeth Walker,19,Male,1.7,94.8,77.6,2,6.1,8.8,No,Yes,Medium,Yes,No,4.9,20.4,23.5,12.3,41.6,73.2
Grace Harris,21,Female,6.4,80.2,81.1,9,10.0,6.8,Yes,Yes,Medium,No,No,7.6,30.0,26.6,15.2,42.1,86.2
Harper Mitchell,18,Male,9.5,90.7,57.1,3,5.8,5.6,Yes,Yes,Medium,Yes,Yes,7.4,24.4,17.9,15.4,27.9,77.1
Emily Jones,20,Female,3.2,84.8,80.0,9,4.0,7.0,No,Yes,Low,No,No,7.5,25.8,23.3,13.1,43.3,80.1
Alexander Campbell,21,Male,7.7,97.8,77.2,8,7.8,6.9,Yes,Yes,Medium,Yes,No,9.9,26.7,28.3,17.7,40.7,88.0
John Nguyen,19,Female,9.3,91.5,66.1,9,6.7,9.0,Yes,Yes,Low,No,Yes,7.9,29.2,26.4,16.9,39.7,87.6
Isabella Williams,20,Female,3.4,80.0,71.7,5,7.8,8.5,Yes,No,Low,No,Yes,8.9,25.6,20.9,12.2,42.1,78.8
Scarlett Perez,18,Male,5.2,87.4,65.5,4,6.4,6.3,Yes,No,High,Yes,No,7.0,23.7,25.1,12.2,38.4,75.9
John Baker,16,Female,4.2,96.3,67.4,5,8.1,8.4,Yes,Yes,Medium,Yes,No,7.8,21.4,27.4,16.0,34.0,77.4
Camila Walker,21,Male,6.0,95.3,90.5,9,3.9,6.7,Yes,Yes,Medium,No,Yes,7.9,26.9,24.7,15.2,44.7,89.0
Isabella Jones,21,Female,3.9,98.1,69.8,5,7.4,5.9,Yes,No,Medium,No,Yes,6.5,25.6,29.3,14.4,40.3,80.5
Olivia Jackson,20,Male,2.0,98.1,90.2,2,5.4,8.0,Yes,Yes,Medium,No,No,7.3,27.7,29.2,12.9,33.4,82.6
Olivia Gonzalez,16,Male,5.0,83.5,74.2,3,5.4,7.6,Yes,Yes,Medium,No,No,5.5,24.2,26.0,13.9,39.8,75.8
Abigail Martin,19,Female,2.9,83.8,71.8,9,7.8,6.6,Yes,Yes,Medium,No,Yes,4.7,23.3,18.9,13.9,38.2,74.7
Scarlett Walker,21,Female,8.2,87.1,58.9,7,6.6,8.5,Yes,Yes,Low,No,Yes,7.7,25.6,20.0,13.4,32.5,78.9
Olivia Carter,20,Male,8.1,89.3,66.2,7,7.5,8.2,Yes,No,High,No,No,7.9,28.9,24.1,13.3,32.4,85.8
Evelyn Thompson,20,Male,6.8,91.7,52.7,5,7.4,5.7,Yes,No,High,Yes,No,8.9,20.5,29.5,11.7,40.6,72.2
Theodore Perez,19,Female,5.0,83.3,53.8,8,5.6,8.4,Yes,No,High,No,No,9.0,24.2,23.6,12.1,36.0,73.0
Elijah White,18,Female,1.7,93.0,87.3,9,7.5,7.6,No,Yes,Medium,No,No,7.0,24.0,27.0,16.6,48.7,82.9
Jacob Mitchell,16,Female,1.1,98.8,71.0,7,7.0,5.9,Yes,No,Medium,Yes,No,7.6,19.4,27.6,10.4,40.4,75.9
Elizabeth Perez,19,Male,2.2,91.9,67.8,8,5.3,8.8,No,Yes,Medium,No,Yes,9.1,22.2,26.3,11.2,39.7,73.3
Levi Hall,16,Female,1.3,91.7,61.1,5,4.2,9.7,Yes,Yes,High,No,No,7.8,16.0,22.9,13.0,33.1,66.0
Daniel King,17,Female,3.6,96.6,78.6,4,8.6,6.8,Yes,Yes,High,Yes,No,8.6,24.2,19.9,11.6,39.7,78.6
Oliver Campbell,20,Female,9.2,99.5,79.6,8,5.9,5.8,Yes,Yes,Low,Yes,No,10.0,30.0,25.5,16.3,41.8,92.2
Oliver Ramirez,17,Male,7.1,85.0,71.5,8,8.1,8.1,Yes,Yes,Medium,No,Yes,6.7,29.2,26.7,13.7,42.2,84.7
Scarlett Jackson,19,Female,4.5,95.6,84.8,8,8.1,6.1,Yes,Yes,Medium,No,Yes,7.6,25.9,24.6,18.1,43.1,84.7
Sophia Garcia,20,Female,9.4,91.9,58.6,10,8.4,5.7,Yes,No,High,No,Yes,7.4,27.5,30.0,13.6,29.1,85.7
Chloe Jackson,19,Female,9.4,99.3,78.4,10,4.1,7.0,Yes,Yes,Medium,No,No,7.7,30.0,30.0,16.3,41.8,95.3
Avery Hill,21,Female,1.9,95.1,60.0,5,7.8,7.3,Yes,Yes,High,No,Yes,8.8,17.5,24.2,7.9,38.5,73.0
Charlotte Hall,20,Female,1.4,83.7,40.0,10,7.2,7.0,Yes,Yes,High,Yes,No,8.9,15.2,22.4,8.9,26.3,68.7
Emily Lewis,18,Male,9.7,93.1,92.7,7,7.6,8.0,Yes,No,High,Yes,Yes,9.1,30.0,28.8,19.4,46.0,100.0
Penelope Thompson,20,Female,5.4,65.1,49.8,6,10.0,7.0,Yes,Yes,Medium,Yes,No,7.5,21.3,22.5,12.6,32.7,70.0
Mason Green,16,Male,3.2,86.1,56.2,5,8.1,8.0,Yes,Yes,Medium,No,Yes,6.4,20.5,25.3,10.2,31.5,69.4
Ava Nelson,17,Female,5.2,98.9,54.0,10,7.5,5.4,Yes,No,Medium,Yes,No,4.1,20.1,28.0,10.0,45.1,71.5
Daniel Allen,18,Male,5.8,94.6,67.5,3,2.7,8.2,Yes,Yes,High,Yes,No,9.7,24.7,22.1,13.2,29.3,78.8
Liam Martinez,18,Female,6.4,91.2,73.7,8,7.4,6.9,Yes,No,Medium,Yes,No,7.8,26.8,29.0,14.8,45.2,84.3
Olivia Rodriguez,18,Male,4.4,78.5,58.6,10,9.7,6.3,Yes,Yes,High,No,No,4.7,21.3,30.0,13.0,44.2,76.3
Alexander Roberts,19,Female,6.9,87.3,66.4,8,8.0,7.9,Yes,Yes,High,Yes,No,8.0,28.4,29.2,15.3,36.6,88.0
Daniel Harris,17,Male,9.3,90.5,52.4,7,9.7,6.0,Yes,Yes,High,No,No,8.7,25.1,23.8,14.4,37.0,80.8
Aria Martinez,19,Female,7.3,88.3,61.1,1,4.7,8.9,No,Yes,Medium,No,No,8.3,24.1,27.8,14.6,40.2,73.6
Daniel White,19,Female,2.7,82.7,66.3,9,6.0,7.8,Yes,Yes,High,No,Yes,4.8,20.6,17.7,12.4,36.6,75.2
Riley Jones,20,Male,6.4,72.8,74.0,6,5.4,8.7,Yes,No,Low,Yes,No,5.2,27.1,17.7,11.5,37.2,72.5
Sebastian White,21,Female,3.9,98.4,57.2,5,3.5,7.4,No,No,Medium,Yes,No,7.9,20.9,17.0,10.1,31.7,68.7
Abigail Adams,18,Female,7.1,96.9,59.5,3,5.3,6.4,Yes,No,Medium,Yes,Yes,6.5,23.9,24.1,13.8,33.9,79.7
Alexander Davis,20,Male,3.6,99.9,42.1,8,8.7,7.1,Yes,Yes,Medium,No,Yes,4.7,19.5,30.0,8.9,32.0,71.0
Joseph Lopez,21,Female,2.0,96.1,69.1,7,9.7,6.7,Yes,Yes,Medium,No,No,7.4,19.9,29.2,14.0,45.9,75.7
Sebastian Harris,20,Male,6.3,91.6,59.8,9,6.8,6.1,Yes,Yes,Medium,No,Yes,5.7,22.0,23.1,10.5,39.2,77.7
Harper Roberts,20,Female,9.4,72.6,40.0,2,3.5,7.8,Yes,Yes,Medium,No,No,7.3,25.1,19.3,12.2,28.4,65.8
Samuel Lewis,20,Male,4.6,91.6,57.3,10,4.8,6.1,Yes,Yes,Low,No,Yes,8.2,21.7,21.4,12.5,35.9,69.2
Owen Jackson,17,Female,3.3,96.0,82.9,9,5.6,8.0,Yes,Yes,Low,No,Yes,7.1,25.4,26.4,17.0,46.2,85.8
Amelia Davis,19,Male,8.9,94.5,76.4,5,5.0,7.0,Yes,Yes,Medium,No,No,7.6,30.0,27.3,16.4,41.8,90.7
Ava Lewis,17,Male,5.0,93.3,71.3,8,4.1,6.1,Yes,No,Medium,Yes,No,7.8,27.5,22.6,14.7,41.1,81.9
Samuel Lewis,18,Male,4.1,92.9,80.9,7,3.8,6.6,Yes,No,High,No,No,6.6,26.2,25.3,13.8,46.5,81.9
Aiden Lee,18,Female,3.8,97.9,52.2,10,6.8,6.4,Yes,No,Medium,Yes,No,4.5,19.3,24.9,11.4,36.1,72.0
Samuel Jones,20,Female,6.5,75.9,69.9,8,7.0,6.9,Yes,Yes,Low,No,No,7.5,25.9,18.7,17.5,35.2,75.8
Michael Hernandez,21,Male,3.4,97.0,69.7,6,4.2,7.4,Yes,Yes,High,No,No,7.9,25.1,24.6,11.8,35.7,77.8
Daniel Allen,20,Male,3.2,97.7,51.6,8,6.9,7.5,Yes,Yes,Medium,No,No,7.6,19.7,20.5,9.5,37.3,71.6
Elijah Gonzalez,19,Male,6.0,97.0,88.9,6,2.0,6.1,Yes,Yes,High,Yes,No,6.5,30.0,25.4,15.7,39.2,87.9
Alexander Young,20,Male,7.7,79.3,58.9,6,10.0,8.3,Yes,Yes,Low,Yes,Yes,5.3,26.2,26.2,13.9,43.0,76.4
Daniel Scott,18,Female,2.6,76.3,69.3,0,5.7,5.7,Yes,No,Low,Yes,No,7.3,20.0,20.2,12.8,39.9,63.4
Jackson Scott,17,Male,4.5,90.9,61.9,9,5.9,6.9,Yes,Yes,Medium,Yes,No,9.6,24.5,30.0,12.6,35.5,79.2
Owen Garcia,16,Male,8.0,89.3,53.3,9,7.5,7.6,Yes,Yes,High,No,No,7.7,25.7,27.2,13.2,36.2,84.2
Michael Sanchez,21,Female,5.2,63.9,65.7,6,8.4,6.2,Yes,Yes,Medium,Yes,No,7.3,25.9,20.9,12.8,42.3,74.1
Sebastian Clark,21,Female,3.3,90.7,52.2,7,6.4,5.4,No,Yes,Low,No,No,4.8,20.7,30.0,12.5,34.2,62.4
Victoria Jones,18,Male,2.1,92.6,51.5,0,4.8,6.9,Yes,Yes,High,No,Yes,9.8,15.7,24.0,11.8,26.8,62.7
Abigail Adams,16,Male,6.1,93.9,57.4,8,4.8,8.6,No,Yes,Medium,No,No,5.7,27.8,24.6,13.8,27.9,79.9
Avery Robinson,16,Female,9.5,91.6,66.8,3,8.1,7.0,Yes,No,Medium,No,No,6.9,28.3,24.8,13.9,38.4,86.9
Isabella Roberts,19,Male,2.1,96.1,81.1,7,6.9,8.2,Yes,Yes,High,No,Yes,6.9,24.9,28.1,12.0,42.5,83.5
John Rodriguez,18,Female,4.4,94.0,47.1,7,6.7,6.6,Yes,Yes,Medium,No,No,7.9,17.9,25.0,9.6,29.6,67.9
Madison Brown,21,Male,1.6,85.5,72.8,7,3.7,7.3,Yes,Yes,Medium,No,No,6.4,25.9,19.6,12.9,31.3,72.8
Sebastian Martinez,20,Female,6.7,92.4,64.0,6,9.2,7.6,Yes,No,High,No,No,8.6,23.5,30.0,15.9,46.3,82.7
Charlotte Hernandez,19,Female,5.7,88.9,96.2,9,7.5,7.0,Yes,Yes,High,No,No,8.1,30.0,27.8,17.9,48.4,96.2
Samuel Anderson,21,Female,7.7,81.1,64.8,6,7.6,7.3,No,Yes,Medium,Yes,No,9.0,27.7,20.2,12.1,41.3,82.4
Sebastian Jackson,16,Male,3.6,95.2,50.3,10,6.2,5.8,Yes,Yes,Medium,No,No,8.3,14.5,22.5,8.5,35.3,65.2
Harper Gonzalez,19,Female,4.8,67.4,72.1,5,9.8,6.5,Yes,Yes,High,No,No,8.2,23.1,21.2,13.6,44.8,69.8
Isabella Green,16,Female,2.5,97.9,64.1,10,7.4,6.6,Yes,No,High,No,No,6.7,20.9,30.0,14.1,44.4,80.6
Owen Wright,18,Male,6.8,84.8,76.4,8,9.1,6.0,Yes,Yes,High,Yes,No,6.1,30.0,30.0,13.2,43.4,88.6
Madison Adams,21,Male,4.6,94.7,61.7,6,5.8,8.2,Yes,Yes,High,No,Yes,10.0,22.0,23.8,10.9,32.2,77.6
Jack Nguyen,18,Male,6.5,94.0,61.3,5,7.0,8.5,Yes,Yes,Low,No,No,7.3,21.5,22.7,11.2,42.8,77.7
Charlotte Nelson,20,Female,6.2,92.4,100.0,10,9.1,8.6,Yes,Yes,Low,No,No,7.8,30.0,22.6,16.3,50.0,92.9
Victoria Williams,18,Male,2.4,84.5,81.9,9,4.9,7.0,Yes,Yes,Low,Yes,No,4.5,22.9,24.9,16.1,36.6,77.0
Oliver Williams,18,Female,9.2,92.5,65.8,6,10.0,7.2,Yes,Yes,Medium,No,No,6.3,30.0,28.7,15.3,43.9,88.1
Theodore Wilson,20,Female,6.3,95.8,76.6,4,8.5,9.6,Yes,Yes,Low,Yes,No,6.8,28.0,30.0,14.9,43.9,87.9
Owen Green,16,Male,2.9,84.4,83.6,1,10.0,7.4,Yes,Yes,Low,No,No,6.4,27.6,27.4,12.8,48.7,83.9
Levi Green,19,Female,4.4,96.9,92.3,5,6.6,7.6,Yes,Yes,Low,No,Yes,8.5,27.9,25.0,17.2,42.5,91.1
Theodore Martin,21,Female,6.7,81.7,73.3,3,10.0,8.0,Yes,Yes,Medium,No,Yes,7.9,24.8,25.2,14.7,37.2,82.7
Alexander Baker,18,Female,9.7,91.4,88.7,8,3.4,7.6,Yes,Yes,Medium,No,No,9.3,30.0,21.6,18.2,46.7,90.7
Michael Robinson,20,Male,9.1,92.3,66.6,9,7.1,4.0,Yes,Yes,High,No,Yes,6.4,27.3,26.9,16.6,42.8,86.0
Camila Brown,18,Male,3.6,94.6,67.0,3,7.8,9.5,No,Yes,Low,Yes,Yes,6.2,23.9,30.0,13.1,44.7,75.2
Avery Clark,17,Female,2.5,82.9,47.5,8,7.5,7.8,Yes,Yes,High,No,No,9.0,17.9,23.9,12.5,37.5,69.0
Jackson Wilson,17,Female,1.9,91.4,63.7,10,7.7,6.7,No,Yes,Medium,Yes,No,8.7,19.9,23.6,10.0,39.2,69.4
Aria Martinez,17,Female,9.0,96.5,64.4,8,5.3,6.2,Yes,Yes,Low,No,No,7.9,26.9,27.7,14.5,29.1,84.4
Samuel Lee,19,Female,8.5,75.0,58.4,4,9.5,7.6,Yes,Yes,Medium,No,Yes,5.6,28.2,22.1,14.9,38.2,78.6
Jacob Rodriguez,19,Female,4.9,90.5,67.3,10,5.7,7.3,Yes,Yes,High,No,No,6.8,24.4,23.6,13.8,39.4,80.7
Madison Scott,19,Male,1.9,86.5,71.5,10,3.1,7.6,Yes,Yes,High,No,No,7.8,20.4,19.0,13.2,35.7,74.2
Abigail Thomas,16,Female,5.1,96.0,79.0,4,4.6,8.1,Yes,Yes,Medium,Yes,No,4.4,27.6,22.5,15.2,38.1,82.1
Elijah Moore,18,Female,3.2,94.5,69.4,8,8.2,7.9,Yes,No,High,Yes,No,8.5,23.7,29.7,13.1,45.8,86.4
Alexander Martinez,16,Male,4.4,75.4,58.6,1,6.3,6.3,Yes,Yes,High,No,Yes,8.4,22.2,23.5,11.6,34.6,65.2
Noah Jackson,20,Female,1.0,99.7,59.1,6,10.0,6.4,Yes,Yes,Medium,Yes,Yes,6.6,16.7,30.0,9.1,37.3,68.6
Owen Clark,17,Male,9.0,93.8,71.7,7,8.3,7.1,Yes,Yes,Medium,Yes,No,8.2,29.5,24.0,14.4,44.9,87.4
Charlotte Lee,19,Female,1.7,83.9,73.6,8,7.1,7.4,Yes,Yes,High,Yes,No,8.1,25.2,19.3,12.5,39.6,77.6
Amelia Carter,17,Male,3.1,89.7,51.8,6,7.7,6.3,Yes,Yes,Medium,No,No,8.5,21.6,25.4,14.0,35.2,73.0
Levi Allen,18,Female,8.7,98.9,60.7,3,6.7,6.4,Yes,Yes,Medium,No,No,10.0,25.0,22.4,12.0,34.4,81.9
Levi Martin,21,Female,6.5,99.2,40.0,7,5.7,6.9,Yes,Yes,Medium,No,Yes,7.8,22.1,30.0,10.9,29.3,73.2
Liam Garcia,21,Female,5.6,95.2,68.2,7,9.3,6.8,Yes,Yes,Medium,No,No,7.6,27.1,25.6,15.0,38.1,80.4
Madison Robinson,19,Male,7.5,98.0,64.4,7,9.0,8.0,Yes,Yes,Low,Yes,Yes,4.9,30.0,24.6,14.9,31.5,88.9
Lucas Nguyen,18,Female,6.7,81.8,54.3,0,5.3,5.9,Yes,Yes,Medium,Yes,No,8.4,21.6,25.2,12.0,38.0,72.7
Noah Brown,19,Female,7.9,79.6,62.2,10,7.3,7.1,Yes,No,Medium,No,Yes,8.3,29.7,23.7,14.4,33.8,83.3
Levi Hill,21,Female,5.5,83.4,70.2,6,4.3,5.6,Yes,No,Medium,No,No,5.2,26.3,21.8,15.7,32.0,75.8
Evelyn Wright,21,Male,9.3,96.0,77.3,8,5.5,7.3,Yes,Yes,Low,No,Yes,3.7,30.0,30.0,16.9,39.3,91.0
Sophia Ramirez,19,Male,4.8,81.6,63.2,3,4.6,7.2,Yes,Yes,Low,Yes,No,10.0,21.7,26.3,12.6,36.4,72.8
Harper Campbell,20,Female,4.0,81.0,65.2,9,2.7,7.5,Yes,Yes,Medium,Yes,No,6.1,21.3,23.9,11.8,41.4,78.0
Riley Sanchez,18,Female,6.5,76.1,74.8,10,10.0,6.4,No,Yes,Medium,No,Yes,7.2,28.3,30.0,14.7,47.5,88.7
Olivia Sanchez,21,Male,9.6,91.5,93.3,6,9.1,8.2,Yes,Yes,High,Yes,No,9.6,30.0,26.8,18.4,50.0,97.0
Victoria Scott,21,Male,8.7,67.1,51.3,4,5.0,7.6,No,Yes,High,No,No,7.8,25.9,20.2,15.4,38.6,71.4
Daniel Scott,19,Female,9.1,91.5,48.5,3,4.9,6.6,Yes,No,Low,No,No,7.4,26.4,24.2,13.7,34.3,77.1
Ava Harris,21,Female,8.2,93.7,75.4,6,7.4,7.1,Yes,Yes,Medium,No,Yes,7.4,28.3,27.0,15.1,42.0,88.5
Riley Scott,19,Female,1.2,95.0,59.6,5,7.3,7.9,Yes,Yes,Medium,No,No,9.3,16.7,26.7,10.7,35.3,74.6
Owen Baker,20,Male,1.1,98.6,84.9,10,4.7,4.9,Yes,Yes,Medium,No,No,8.0,21.2,22.2,14.9,43.1,76.4
Isabella Miller,21,Female,1.9,86.2,74.8,7,8.7,6.9,Yes,Yes,Low,Yes,No,8.6,24.4,25.0,13.8,47.2,78.1
Daniel Perez,17,Female,2.1,92.8,54.9,10,4.5,8.3,Yes,Yes,Medium,No,No,8.6,17.4,23.0,9.1,34.0,71.4
Riley Martinez,19,Male,2.4,99.1,80.8,7,9.0,7.7,Yes,Yes,Medium,No,Yes,7.3,22.6,27.0,14.1,44.0,86.7
Aria Allen,20,Female,6.5,98.1,93.0,6,5.5,6.3,Yes,No,Low,Yes,No,10.0,29.9,20.1,15.9,49.4,87.9
Madison Williams,19,Male,4.0,96.9,52.7,6,7.5,7.5,Yes,Yes,Medium,No,Yes,9.2,21.0,25.0,13.4,37.6,77.6
Olivia Rodriguez,16,Female,3.3,73.2,73.9,4,7.9,8.6,Yes,Yes,Medium,No,No,7.9,23.6,18.7,12.5,43.7,70.8
Ella King,20,Female,3.4,91.3,66.6,5,8.5,7.8,Yes,Yes,High,No,No,5.9,22.0,23.6,12.8,49.5,78.5
James Hill,19,Male,3.5,86.1,89.5,1,5.9,5.7,Yes,Yes,Medium,No,No,5.3,26.8,26.0,15.1,39.2,78.1
Abigail Flores,19,Female,3.3,98.2,68.1,3,10.0,5.7,No,Yes,High,Yes,No,6.4,22.7,26.4,14.9,45.1,79.6
Charlotte Sanchez,17,Female,3.7,72.4,56.7,7,4.9,7.8,Yes,Yes,High,Yes,Yes,9.9,17.4,18.8,11.4,39.5,67.8
Jack Perez,19,Female,7.2,98.2,78.4,2,7.2,7.6,Yes,Yes,High,No,Yes,3.9,28.8,26.4,14.8,42.1,91.0
Samuel Torres,21,Female,3.2,73.7,52.8,6,4.8,7.7,No,Yes,Low,No,Yes,8.3,18.3,21.4,9.2,32.5,61.5
Ella Johnson,17,Female,9.7,99.1,87.4,6,9.2,8.8,Yes,No,High,No,No,4.7,30.0,23.4,16.9,48.2,97.3
Ethan Baker,17,Male,2.0,94.7,59.4,1,5.8,6.3,Yes,Yes,High,Yes,No,7.4,20.2,22.4,9.8,27.2,69.3
Sofia Nguyen,18,Female,2.7,97.6,76.2,9,9.2,9.1,Yes,No,Medium,Yes,No,8.0,25.3,29.7,11.3,50.0,86.5
Penelope Hall,16,Male,7.0,86.9,62.0,10,8.6,8.0,Yes,Yes,High,No,Yes,7.6,25.4,20.7,13.4,42.0,83.8
Aria Walker,20,Female,7.3,97.0,94.0,10,7.7,8.4,Yes,No,High,No,No,8.8,30.0,26.5,17.7,50.0,99.0
Theodore Roberts,19,Male,1.7,77.6,47.4,10,9.2,7.8,Yes,No,Medium,No,Yes,9.3,19.4,25.5,9.0,33.9,62.7
Penelope Brown,16,Female,4.4,86.1,71.1,1,4.4,6.6,No,No,Medium,No,Yes,7.6,27.5,18.1,12.8,34.9,69.0
Charlotte King,20,Female,8.3,89.3,67.3,0,8.7,7.5,No,Yes,High,No,No,10.0,29.0,22.2,15.0,45.7,85.3
James Baker,17,Male,7.7,94.5,61.2,9,6.2,6.2,Yes,Yes,Medium,No,Yes,9.1,28.7,20.7,15.8,40.0,82.9
Olivia Torres,21,Male,8.0,89.5,50.2,10,10.0,7.9,Yes,Yes,High,Yes,Yes,6.6,25.3,30.0,11.4,36.1,85.7
Amelia Johnson,21,Female,9.9,73.9,66.3,9,4.0,6.0,Yes,No,High,Yes,Yes,7.2,30.0,21.7,14.1,43.7,88.4
Abigail Clark,18,Male,8.1,74.4,55.8,3,6.8,8.0,Yes,Yes,Medium,No,No,6.7,28.7,25.5,14.4,34.5,77.7
Sofia Hall,18,Male,8.2,78.7,69.7,4,6.5,6.8,Yes,Yes,Low,Yes,Yes,8.8,29.9,25.2,14.3,38.7,80.6
Sofia Allen,19,Female,2.3,93.6,86.8,10,6.0,8.3,Yes,Yes,Medium,No,Yes,6.8,25.6,25.4,17.0,45.0,85.3
Joseph Campbell,20,Male,5.9,79.7,57.5,9,6.1,7.2,Yes,Yes,High,Yes,Yes,5.8,20.7,24.0,12.8,33.1,75.7
Samuel Rodriguez,20,Male,6.0,99.8,90.3,10,4.8,7.7,No,Yes,Medium,Yes,No,7.6,30.0,23.4,13.3,41.0,90.3
Mateo Lee,19,Female,2.4,98.5,72.6,3,4.1,6.3,No,No,Low,No,No,5.9,24.6,26.1,9.0,37.9,67.6
Sebastian Harris,18,Female,5.2,86.9,56.2,10,7.9,8.9,Yes,Yes,Medium,No,No,8.7,20.6,26.1,12.8,32.8,75.2
Benjamin Robinson,20,Female,1.9,93.0,80.2,8,9.2,8.2,Yes,Yes,Low,No,Yes,6.8,26.8,30.0,12.2,45.9,79.7
Scarlett Thompson,21,Female,9.3,96.5,42.5,8,4.3,7.5,Yes,No,Medium,No,Yes,6.2,26.8,20.9,13.6,36.9,81.0
Owen Walker,20,Male,9.5,91.1,57.9,8,6.9,7.3,Yes,Yes,Medium,No,No,8.3,27.0,21.2,12.0,41.5,81.3
Alexander Moore,17,Female,4.3,80.5,64.8,8,7.6,7.1,Yes,Yes,Medium,No,Yes,6.5,24.3,24.2,14.0,41.7,77.6
Mia Martin,17,Female,2.7,98.7,72.1,6,4.5,7.5,Yes,Yes,Medium,Yes,No,7.0,23.2,28.3,12.2,34.8,80.8
Samuel Wilson,18,Female,4.3,72.6,72.4,3,8.4,7.9,Yes,Yes,High,Yes,No,6.6,23.2,21.2,12.4,39.2,76.0
Abigail Walker,21,Female,7.7,87.1,47.1,9,6.5,7.7,Yes,No,Medium,Yes,No,6.1,26.5,24.1,10.8,31.8,80.4
Mateo Campbell,16,Female,3.1,71.8,69.3,6,3.5,7.4,Yes,Yes,High,Yes,No,7.1,26.3,22.7,11.1,46.0,77.0
Evelyn Davis,17,Female,2.7,98.1,65.1,9,7.2,7.3,Yes,No,Medium,Yes,Yes,8.8,23.0,28.8,13.9,38.8,80.8
Jacob Thompson,20,Male,7.5,88.2,59.4,6,4.9,8.4,Yes,Yes,Low,Yes,Yes,6.9,26.6,24.7,14.7,37.1,78.7
Evelyn Williams,18,Female,7.6,76.1,56.5,8,5.7,6.4,Yes,Yes,Medium,No,Yes,8.9,23.7,26.6,8.8,34.1,77.8
Samuel Garcia,18,Female,5.5,99.3,65.2,7,10.0,6.6,Yes,Yes,Medium,No,No,6.0,24.1,28.1,14.1,45.1,84.8
Avery Adams,17,Female,5.6,97.8,72.5,5,7.3,5.8,Yes,Yes,High,No,No,6.6,28.2,29.3,13.7,36.0,84.8
Joseph Walker,20,Male,5.8,86.0,71.0,9,6.5,7.1,Yes,No,Low,No,Yes,7.9,26.2,19.6,15.5,42.3,80.7
Amelia Wright,18,Female,3.5,85.1,79.3,7,4.8,7.8,Yes,No,High,No,Yes,8.7,25.9,16.5,14.3,37.5,80.9
Mateo Hall,20,Female,8.3,95.3,48.3,9,6.5,7.5,No,Yes,High,No,No,7.3,25.3,28.5,13.0,36.1,82.2
Isabella Miller,21,Male,10.0,98.6,72.7,5,5.2,6.7,No,Yes,Medium,Yes,No,7.6,30.0,22.9,15.2,41.5,84.1
Alexander Brown,21,Male,9.5,97.8,84.4,9,6.1,8.4,Yes,Yes,Low,Yes,Yes,6.6,30.0,22.7,19.1,42.5,92.9
Grace Anderson,17,Male,2.0,89.8,44.4,9,7.3,7.6,Yes,Yes,High,No,No,7.5,12.9,27.5,8.6,34.4,67.6
Sophia Clark,19,Female,9.3,67.5,66.6,7,6.1,4.8,No,Yes,Medium,Yes,Yes,6.5,30.0,17.9,13.9,43.0,72.1
Samuel Walker,20,Male,8.9,88.6,66.1,8,6.5,7.6,Yes,No,Medium,No,No,7.6,26.7,28.4,14.3,35.6,80.9
Aiden Roberts,19,Male,6.2,90.6,88.2,6,6.4,5.8,Yes,Yes,High,No,Yes,6.9,30.0,21.4,17.8,49.7,90.6
Emma Scott,21,Male,1.9,92.9,58.3,6,7.3,7.0,Yes,Yes,High,Yes,Yes,10.0,22.7,27.8,11.6,36.4,82.0
Sofia Adams,17,Female,8.0,83.4,61.3,7,8.7,7.1,No,Yes,Low,No,No,10.0,26.8,26.0,14.4,37.2,82.6
Ella Adams,17,Male,7.4,81.6,65.6,8,5.5,8.2,Yes,Yes,Medium,No,No,7.4,25.3,22.4,15.3,39.6,83.6
Riley Jackson,17,Female,9.1,96.4,75.0,6,4.3,6.1,No,Yes,High,No,Yes,8.0,30.0,19.5,16.5,24.3,86.3
Evelyn Adams,18,Male,7.0,99.8,67.3,8,3.5,7.6,Yes,Yes,Medium,No,No,6.7,24.7,26.1,14.8,37.9,86.6
John Garcia,18,Male,2.4,83.9,59.7,7,6.8,8.8,Yes,Yes,High,Yes,No,9.5,18.5,22.5,11.7,37.5,70.6
Scarlett Mitchell,19,Male,9.5,85.8,77.1,10,5.3,8.6,Yes,Yes,Medium,Yes,No,5.6,30.0,23.8,16.5,36.9,89.8
Benjamin Clark,21,Male,2.1,87.6,51.5,3,5.8,6.5,No,Yes,High,No,Yes,7.4,17.4,20.1,9.6,25.0,65.2
Olivia Sanchez,17,Female,2.9,86.5,63.2,9,6.9,7.9,Yes,Yes,High,No,No,7.7,20.2,19.7,12.6,42.2,78.7
Benjamin Mitchell,19,Female,5.1,88.5,45.2,6,8.0,9.8,Yes,No,Low,No,Yes,4.2,19.6,26.4,9.1,32.7,65.4
Olivia Smith,21,Female,2.4,91.0,58.5,8,10.0,8.1,Yes,Yes,High,No,No,10.0,16.7,29.7,11.2,34.0,77.8
Victoria Hill,19,Male,9.3,95.1,61.7,8,5.8,6.2,Yes,Yes,Medium,No,Yes,6.6,30.0,19.5,15.2,35.2,82.1
Ethan Jackson,17,Female,7.4,95.2,89.6,6,6.3,9.2,Yes,No,Medium,Yes,No,8.9,28.8,27.8,18.0,50.0,85.8
Theodore Wright,18,Female,2.2,87.5,62.6,2,6.5,7.9,Yes,No,Medium,No,Yes,8.5,23.6,25.5,11.9,34.4,75.0
Isabella Allen,18,Female,2.9,96.7,53.4,9,6.5,6.6,Yes,No,Medium,No,Yes,5.5,18.2,27.9,8.0,34.0,73.8
Mason Gonzalez,19,Male,5.8,92.6,63.1,1,8.4,5.9,Yes,No,High,No,Yes,7.3,24.0,25.8,15.0,42.1,78.7
Ethan Hernandez,18,Female,1.4,88.6,51.2,9,8.3,7.1,Yes,Yes,Medium,No,No,9.6,18.2,27.1,10.7,37.6,72.1
Theodore Taylor,18,Male,7.9,98.1,71.1,6,3.5,8.5,Yes,Yes,Medium,Yes,No,8.0,29.3,23.3,15.9,36.7,86.9
Emma Mitchell,17,Female,1.6,82.3,65.4,6,6.5,8.2,Yes,Yes,High,No,No,9.5,17.9,27.0,8.9,37.7,73.5
Evelyn Torres,17,Male,8.5,97.0,60.3,0,3.3,7.9,Yes,Yes,Medium,No,No,5.0,28.4,24.8,13.5,31.7,79.9
Benjamin Flores,18,Female,7.6,76.4,80.3,6,1.0,7.3,Yes,Yes,High,No,Yes,8.1,29.9,17.1,16.3,42.5,85.7
Logan Allen,16,Female,7.4,81.1,69.3,7,5.2,4.8,Yes,Yes,High,No,No,7.7,28.9,15.7,12.1,35.6,75.8
Oliver Sanchez,17,Male,8.5,98.0,59.7,4,5.8,7.5,Yes,Yes,High,No,No,8.9,24.8,25.4,15.4,30.9,86.6
Benjamin Rodriguez,19,Female,4.5,69.3,59.4,9,6.0,7.0,Yes,No,Medium,Yes,Yes,7.3,23.8,25.7,11.5,38.8,73.6
Abigail Thomas,17,Male,5.0,90.6,64.2,8,8.5,8.1,Yes,Yes,High,No,Yes,6.4,23.2,27.3,11.2,41.3,80.1
Harper Harris,17,Male,9.0,85.0,51.6,0,3.4,9.4,No,No,Medium,No,Yes,6.0,26.5,21.9,11.1,32.3,70.7
Avery Carter,19,Female,3.0,92.9,64.7,2,7.1,9.8,Yes,Yes,High,No,Yes,6.7,19.2,25.2,10.5,37.4,69.6
Ethan Martin,17,Male,1.1,83.2,83.8,6,4.9,6.7,Yes,Yes,High,No,No,7.8,22.0,19.4,12.5,45.3,73.8
Harper Adams,20,Female,2.7,94.2,56.7,9,10.0,6.5,Yes,No,High,No,No,7.4,19.6,30.0,11.8,39.6,77.3
Camila Thomas,21,Male,3.4,83.7,74.2,7,6.9,8.9,Yes,Yes,High,No,No,7.2,25.5,20.6,13.1,42.7,78.5
Chloe Davis,21,Female,8.2,83.0,75.2,5,7.5,8.9,Yes,Yes,Low,No,Yes,6.7,27.9,27.7,17.6,38.5,83.2
Michael Hernandez,18,Female,9.8,84.1,70.1,6,8.3,6.9,Yes,Yes,Medium,No,Yes,8.9,30.0,29.2,15.0,48.3,86.1
Aiden Allen,18,Female,1.0,84.9,73.0,9,6.4,8.6,No,No,Medium,No,Yes,7.4,22.4,26.9,14.3,39.0,70.4
Camila Davis,21,Female,8.5,74.8,68.4,10,6.7,8.3,Yes,Yes,Medium,Yes,Yes,6.8,28.6,24.2,13.2,42.6,86.1
Daniel Flores,21,Male,5.2,99.5,70.5,6,6.5,7.9,Yes,Yes,High,No,Yes,7.3,22.5,26.0,10.9,33.0,81.3
Mia Rodriguez,19,Female,7.6,95.1,75.3,4,3.5,6.7,No,Yes,Medium,No,No,3.5,27.7,22.5,17.2,38.5,78.6
James Robinson,21,Female,6.8,90.5,59.4,3,3.3,7.8,Yes,No,Medium,Yes,No,5.5,27.6,22.8,16.1,34.7,73.9
Sofia Hall,20,Female,7.2,98.8,64.2,7,5.9,8.8,No,Yes,Medium,No,Yes,7.1,29.9,29.3,12.7,41.3,82.6
Riley Wright,20,Male,7.9,93.1,81.9,7,7.7,7.0,No,Yes,Medium,No,Yes,7.0,29.4,25.5,17.0,44.2,93.0
Riley Thomas,19,Male,2.7,82.9,74.7,6,8.9,6.4,No,Yes,Medium,No,No,5.1,26.2,25.1,11.8,40.6,71.6
Sebastian Lewis,21,Female,5.8,91.5,94.6,6,8.3,8.2,Yes,Yes,Medium,Yes,Yes,8.6,30.0,30.0,17.7,47.8,94.8
Ava Torres,21,Male,9.5,87.5,80.0,5,5.4,7.1,Yes,Yes,Low,No,No,7.8,30.0,23.8,17.5,43.2,88.2
Noah Scott,20,Male,1.8,76.1,56.2,3,9.5,6.1,Yes,Yes,Low,Yes,Yes,7.7,21.2,21.6,9.5,33.5,60.9
Victoria Wright,17,Male,4.6,95.2,78.8,5,10.0,6.5,Yes,No,Medium,No,No,8.0,25.7,27.7,16.4,41.9,84.3
Charlotte Lee,17,Female,10.0,91.4,70.8,8,6.7,8.3,Yes,No,Medium,No,Yes,5.4,30.0,27.4,13.9,35.6,91.5
Elijah Baker,17,Male,9.1,93.6,83.1,9,8.0,6.3,No,Yes,Low,No,No,9.0,30.0,28.3,18.8,40.5,89.0
Samuel Nguyen,18,Female,5.0,97.5,55.3,9,10.0,7.8,Yes,No,High,Yes,Yes,7.2,23.6,27.3,11.9,37.0,80.8
Oliver Allen,16,Female,7.2,92.0,95.3,6,6.8,6.7,No,Yes,Low,Yes,No,6.6,30.0,25.8,18.4,50.0,91.7
Noah Robinson,21,Male,1.6,95.5,61.1,7,9.5,6.5,Yes,Yes,High,No,Yes,8.1,18.3,28.7,11.8,47.7,72.9
Madison Clark,17,Female,6.1,97.6,59.5,8,5.3,7.0,Yes,Yes,High,Yes,No,6.9,25.7,20.2,12.5,26.9,79.0
Victoria Brown,19,Female,6.8,86.8,84.1,9,7.2,9.7,No,No,Low,No,Yes,8.6,30.0,25.8,14.9,41.7,82.9
Aiden Martin,18,Male,4.5,97.3,68.6,10,8.3,6.0,Yes,Yes,High,Yes,No,7.6,24.6,28.5,14.5,36.0,85.5
Jacob Taylor,17,Male,6.7,94.2,69.9,8,7.6,6.3,Yes,No,Low,Yes,Yes,5.9,25.9,29.9,13.8,33.7,81.6
Joseph Wilson,17,Male,2.2,91.9,77.5,4,6.5,7.5,No,Yes,Low,Yes,Yes,5.1,21.2,29.8,14.7,37.2,79.5
Olivia Ramirez,18,Female,5.8,94.1,81.6,8,6.7,6.3,No,No,Medium,No,No,8.7,27.7,23.7,12.3,36.9,80.5
Camila Jones,17,Male,6.6,98.2,56.9,10,5.0,9.2,Yes,No,High,Yes,No,7.6,26.7,26.3,13.9,32.0,82.1
Ava Walker,16,Male,3.6,87.2,73.8,8,8.1,6.1,Yes,Yes,Medium,No,Yes,6.4,25.3,24.3,9.6,43.1,81.3
Evelyn Clark,21,Male,4.2,98.2,80.3,5,8.3,5.3,Yes,No,Low,Yes,No,6.5,25.2,28.1,15.2,41.6,76.5
John Rodriguez,19,Female,8.3,94.2,78.5,8,5.5,7.6,No,Yes,Medium,No,No,10.0,30.0,23.1,14.7,46.7,90.3
Daniel Harris,19,Female,4.2,93.9,64.0,7,10.0,8.2,Yes,Yes,Medium,No,Yes,5.5,26.6,28.4,10.4,35.8,79.6
Elizabeth Harris,16,Male,8.2,97.9,83.3,3,2.6,6.7,Yes,Yes,Medium,No,Yes,4.9,30.0,24.8,15.1,34.3,87.6
Aiden Nelson,21,Male,9.9,81.1,65.4,6,6.5,6.6,No,Yes,High,No,Yes,7.3,28.1,22.5,17.6,44.9,79.4
Theodore Thompson,19,Male,1.9,98.3,66.0,5,5.2,9.0,Yes,Yes,Medium,No,Yes,8.3,20.3,24.5,11.4,43.3,72.3
Benjamin Wright,21,Female,3.0,93.8,63.8,10,5.3,9.9,Yes,No,Medium,No,Yes,8.4,22.8,28.1,11.3,40.9,80.0
Sebastian Rodriguez,18,Male,9.2,98.8,53.6,5,4.9,8.1,Yes,Yes,Low,Yes,Yes,6.6,28.1,22.9,14.4,33.1,79.7
Emma Carter,16,Male,6.6,98.3,65.7,10,5.4,6.0,No,No,Medium,No,No,7.6,25.4,23.4,13.8,41.1,79.2
Michael Robinson,21,Female,8.6,94.0,63.7,6,6.2,8.3,No,Yes,High,No,No,6.0,27.6,25.8,14.2,38.3,85.7
Scarlett Harris,20,Male,9.1,92.2,74.9,1,5.8,8.9,Yes,No,Low,No,No,5.7,25.7,30.0,17.1,38.7,83.1
Alexander Robinson,19,Female,5.8,90.4,55.5,3,7.1,6.2,Yes,No,Medium,Yes,No,4.8,20.3,22.7,13.3,34.8,69.4
James Moore,19,Male,4.3,95.5,56.7,10,9.1,6.3,Yes,Yes,High,Yes,No,6.2,24.3,28.5,10.2,40.3,79.9
Penelope Carter,20,Male,2.5,93.4,67.7,9,10.0,7.9,Yes,Yes,Medium,Yes,No,9.1,20.2,24.6,11.6,36.3,77.2
Olivia Nelson,16,Female,2.5,95.9,54.3,10,7.3,7.8,Yes,Yes,High,Yes,No,7.0,16.8,28.0,10.0,33.0,73.2
Owen Roberts,20,Male,2.1,91.4,56.4,8,6.5,7.6,Yes,Yes,High,No,Yes,9.0,21.9,27.5,11.4,31.4,76.0
Alexander Wilson,16,Male,1.5,97.2,76.8,9,1.4,8.5,Yes,Yes,Medium,No,No,6.2,23.6,23.7,11.9,36.3,79.0
Sophia Hill,16,Male,9.7,90.5,47.2,6,6.1,8.3,Yes,Yes,Medium,Yes,Yes,6.5,27.5,23.9,13.8,28.7,80.0
Avery Hill,17,Male,9.6,82.2,79.6,10,8.3,6.6,Yes,Yes,Medium,No,No,6.1,30.0,25.7,16.9,41.6,88.6
Alexander Mitchell,16,Male,9.7,93.8,53.4,10,2.8,6.7,Yes,Yes,Medium,Yes,Yes,8.1,25.1,29.3,10.3,26.5,85.7
Jacob Lewis,21,Male,5.2,89.6,74.9,10,9.3,7.7,Yes,No,Medium,No,No,7.0,24.3,25.2,13.0,34.1,81.7
Scarlett Wilson,16,Male,1.4,90.0,48.0,3,4.6,6.7,No,Yes,Medium,Yes,Yes,4.3,21.6,19.2,11.2,30.5,61.0
Isabella Allen,17,Female,9.4,97.0,63.8,2,7.3,8.9,Yes,No,Medium,No,No,7.5,30.0,30.0,16.8,34.6,88.2
Mia Campbell,18,Female,2.1,90.2,75.6,2,7.3,5.6,Yes,Yes,Low,No,No,6.2,24.3,28.9,12.1,40.0,74.5
Victoria Hill,21,Female,5.8,98.6,61.6,9,3.9,7.9,No,Yes,Medium,No,No,5.7,24.5,22.8,14.1,35.1,76.0
Alexander Martin,16,Male,10.0,94.7,73.7,8,6.8,8.5,No,Yes,Medium,No,Yes,6.4,30.0,22.8,15.9,42.7,91.1
Chloe King,20,Male,9.4,88.5,64.9,1,6.5,5.6,Yes,Yes,Medium,Yes,Yes,9.1,30.0,26.0,16.6,34.7,82.4
Sofia Martin,19,Female,1.1,95.8,74.9,7,4.5,5.6,Yes,No,High,No,No,9.7,19.4,24.0,9.0,40.6,75.4
Noah Scott,20,Male,9.0,85.0,64.3,0,8.2,5.6,No,Yes,Medium,Yes,No,9.6,27.1,28.6,15.7,42.4,82.3
Grace Baker,18,Female,5.4,90.4,73.3,6,4.7,5.8,Yes,Yes,Medium,No,No,8.7,25.5,21.7,15.3,37.8,82.3
Mateo Young,21,Male,3.6,97.4,70.4,9,7.1,6.2,Yes,No,Medium,Yes,No,6.9,26.0,26.0,16.0,35.5,80.5
Emily Adams,16,Female,8.3,93.5,70.7,5,8.1,6.7,Yes,Yes,High,No,No,6.0,30.0,29.4,15.1,36.4,84.3
Sebastian Lee,19,Female,3.0,94.3,62.4,6,4.3,8.5,Yes,No,Medium,No,No,8.8,22.1,23.7,9.7,37.6,72.4
Sofia Martinez,16,Female,4.5,95.0,68.8,7,7.6,9.9,Yes,No,High,No,No,5.9,23.2,29.0,11.3,30.1,75.4
Elizabeth Lopez,16,Female,2.2,77.6,74.2,9,6.2,5.8,Yes,Yes,Medium,Yes,No,8.8,22.0,21.0,12.2,48.6,74.2
Alexander Anderson,20,Female,7.8,81.6,58.5,10,10.0,8.3,Yes,Yes,Low,Yes,No,7.5,30.0,21.1,11.5,41.5,84.0
Samuel Martinez,19,Female,6.6,98.4,57.7,6,6.3,8.4,Yes,No,Medium,Yes,Yes,4.8,23.4,27.0,12.9,32.2,77.7
Noah Scott,21,Female,1.2,98.2,70.6,8,7.3,8.7,Yes,Yes,High,No,Yes,6.7,18.4,28.7,15.3,45.9,79.6
Sofia Scott,16,Male,6.3,97.4,57.0,6,6.1,7.4,Yes,Yes,Medium,Yes,No,7.6,23.0,22.4,11.2,35.3,75.8
Elizabeth Thomas,18,Female,7.7,93.0,77.7,3,4.1,6.5,No,No,High,Yes,No,7.6,28.0,16.0,17.8,37.5,78.1
Lucas Perez,20,Male,9.2,84.6,54.1,10,8.1,6.3,Yes,Yes,Low,No,No,5.8,26.6,26.1,12.8,32.8,77.7
Avery White,19,Male,4.6,81.1,62.9,9,5.7,7.9,Yes,Yes,Medium,Yes,Yes,7.5,19.9,23.5,12.2,33.7,74.9
Scarlett Campbell,19,Male,5.5,77.9,64.7,7,8.6,8.9,Yes,No,Medium,No,No,9.1,23.1,24.5,12.2,43.3,73.1
Noah Moore,18,Female,7.7,91.0,61.2,5,7.5,6.0,Yes,Yes,High,Yes,No,5.7,24.7,20.4,11.0,32.0,81.1
Aiden Hill,16,Male,9.5,83.8,60.0,9,9.5,7.4,Yes,Yes,High,Yes,Yes,9.8,27.4,24.0,16.6,37.9,86.4
Ava Gonzalez,20,Male,1.3,82.5,57.9,6,5.5,7.2,Yes,Yes,Medium,No,Yes,7.1,19.5,20.9,8.6,29.7,67.6
Ella Wilson,21,Female,7.1,96.1,70.1,2,9.6,6.3,Yes,No,High,No,Yes,6.6,29.6,24.5,12.6,41.1,80.8
Michael Smith,16,Male,3.4,95.9,61.7,9,5.1,9.5,Yes,No,Low,Yes,Yes,6.7,21.9,23.4,13.5,36.6,70.0
Amelia Mitchell,20,Male,8.5,95.9,68.8,9,10.0,7.5,Yes,Yes,Medium,No,Yes,7.9,27.1,29.7,16.1,41.9,92.2
Joseph Carter,18,Female,4.4,94.2,64.2,3,7.2,6.8,Yes,Yes,High,No,No,5.3,23.7,28.9,13.8,39.2,81.9
Alexander Hall,19,Male,5.7,90.2,61.3,10,8.4,6.9,Yes,Yes,Medium,Yes,No,7.0,24.7,27.8,14.4,44.5,84.3
Jacob Thomas,17,Female,3.2,94.8,49.6,10,3.8,8.6,No,Yes,High,No,No,6.3,16.2,24.1,13.4,33.4,69.7
John Jackson,18,Female,7.6,82.1,61.2,3,7.7,7.0,Yes,Yes,High,No,No,7.1,27.8,25.5,15.0,33.4,84.1
Jackson Wright,18,Female,2.8,97.6,63.3,10,5.8,6.7,Yes,Yes,Medium,No,No,9.4,19.9,25.4,13.7,36.2,75.7
Michael Taylor,19,Female,5.6,98.3,55.2,6,7.9,5.7,Yes,No,High,No,Yes,6.1,23.8,26.3,11.3,31.0,78.4
Madison Young,21,Female,6.5,91.9,51.1,3,7.0,7.4,Yes,Yes,Medium,Yes,No,8.5,23.0,25.3,13.9,41.6,79.1
Sophia Campbell,16,Female,8.8,76.2,78.1,6,9.3,4.5,Yes,No,Medium,No,Yes,6.0,30.0,22.9,18.4,45.9,77.1
Riley Lee,20,Male,4.2,89.1,62.4,9,7.4,9.3,No,Yes,High,No,Yes,9.0,24.3,25.4,13.1,41.0,75.4
Daniel Lee,21,Female,2.9,93.4,53.7,8,4.4,7.4,Yes,No,Low,No,Yes,8.0,13.9,27.2,13.6,36.0,68.5
Olivia Torres,21,Male,4.1,96.6,52.3,7,5.3,7.4,Yes,Yes,High,No,Yes,8.1,23.6,27.8,8.3,35.9,80.8
Joseph Martinez,20,Male,4.1,90.8,52.1,5,6.9,7.5,Yes,No,Medium,Yes,Yes,7.7,19.4,25.2,12.0,33.4,73.4
Harper Scott,20,Female,8.7,82.9,67.6,10,7.4,6.5,Yes,Yes,Low,No,Yes,9.8,30.0,21.9,14.6,46.7,86.6
Evelyn Martinez,20,Male,8.5,93.7,64.9,1,5.8,8.5,Yes,Yes,High,No,Yes,5.6,26.6,20.0,12.1,39.1,80.0
Ethan Anderson,19,Female,2.6,92.1,69.0,9,6.7,7.3,Yes,No,Medium,No,No,8.9,21.6,14.9,13.1,35.5,74.7
Victoria Thomas,19,Female,1.1,93.1,85.4,7,10.0,7.2,Yes,Yes,High,No,Yes,7.4,22.1,30.0,11.9,49.0,87.0
Mateo Adams,18,Female,3.3,85.9,85.1,10,7.4,7.9,Yes,Yes,Medium,No,No,9.1,24.2,28.8,11.7,40.5,87.8
Harper Carter,19,Female,8.2,91.8,78.6,6,4.8,9.5,Yes,Yes,High,No,Yes,8.0,28.5,19.4,13.4,34.6,78.5
Penelope Adams,20,Female,3.5,91.1,65.0,9,5.7,8.0,Yes,Yes,High,No,Yes,8.5,23.9,20.2,13.5,39.2,76.9
Jackson Hernandez,16,Female,5.2,98.6,60.8,9,7.0,7.1,No,Yes,High,No,Yes,6.1,28.4,30.0,13.0,39.9,85.4
Charlotte Rodriguez,20,Female,5.6,74.9,76.1,5,7.5,6.4,No,Yes,Low,No,Yes,2.8,26.8,21.5,13.6,43.6,71.2
Benjamin Wright,16,Male,5.0,91.9,67.0,8,4.9,7.6,Yes,Yes,High,Yes,No,6.9,24.1,23.5,13.1,40.7,84.1
Sebastian Williams,18,Male,5.5,98.9,76.6,6,4.1,5.9,No,Yes,High,Yes,Yes,8.9,26.5,22.4,14.2,46.2,83.0
Chloe Brown,21,Male,9.9,96.5,75.3,5,7.0,8.8,Yes,Yes,High,No,No,7.2,30.0,26.3,16.2,42.5,90.6
Sofia Rodriguez,21,Male,4.9,97.8,82.5,7,5.1,8.9,Yes,Yes,High,No,Yes,5.7,29.1,23.0,16.6,47.6,87.8
Ava Rivera,17,Male,5.5,92.1,68.3,5,7.6,7.2,No,Yes,Medium,No,No,9.6,26.1,30.0,12.5,46.9,83.6
Emma Wilson,19,Female,9.9,81.7,86.1,9,2.9,9.2,Yes,No,Low,No,No,9.5,30.0,25.5,16.8,40.0,85.6
Daniel Brown,18,Female,9.2,82.0,58.5,5,2.1,9.3,No,Yes,High,Yes,No,5.2,30.0,22.9,15.8,28.9,76.3
Chloe Young,21,Male,1.8,84.5,61.8,6,6.1,7.3,Yes,No,High,Yes,Yes,6.1,17.6,22.4,11.6,39.9,70.8
Emma Wright,17,Female,8.1,90.4,56.7,9,5.6,6.3,Yes,No,Medium,No,No,4.1,26.5,26.6,16.5,34.5,80.1
Emma Johnson,19,Female,9.7,93.2,44.2,6,7.6,7.3,Yes,No,High,No,Yes,7.5,23.0,22.1,11.7,30.7,77.1
Scarlett Jackson,17,Male,9.7,95.2,58.5,8,9.5,9.6,No,Yes,Medium,Yes,No,6.4,30.0,27.5,13.2,38.0,90.1
Madison Hall,20,Female,5.7,66.6,80.6,10,5.2,7.2,Yes,Yes,Medium,No,No,9.1,27.1,21.8,15.3,41.8,81.1
Benjamin Miller,20,Male,3.4,98.7,70.4,6,5.5,5.6,No,Yes,Medium,Yes,Yes,8.8,24.3,20.3,9.5,49.0,75.9
Sebastian Martinez,18,Male,7.4,96.4,65.5,0,6.1,6.1,Yes,Yes,High,Yes,Yes,9.5,28.7,25.5,11.9,36.3,83.5
Amelia Flores,21,Female,3.4,81.6,91.8,8,6.2,7.9,Yes,Yes,Low,Yes,No,7.1,24.3,27.0,12.2,42.8,83.0
Emily Moore,17,Female,2.5,84.3,68.9,3,9.1,9.2,Yes,Yes,High,No,No,7.1,23.2,27.8,12.4,42.3,75.8
Oliver White,21,Female,5.1,96.4,80.8,0,5.9,9.0,Yes,Yes,High,No,No,7.4,27.9,24.6,16.3,45.7,87.2
Jackson Torres,17,Male,1.8,80.8,48.6,9,5.3,6.5,Yes,No,Medium,Yes,Yes,10.0,12.9,20.6,11.2,29.8,60.4
Camila Anderson,16,Female,5.5,87.4,61.1,5,10.0,5.7,Yes,Yes,Medium,No,No,5.1,20.4,25.7,12.3,41.4,75.1
Aiden Garcia,21,Male,9.6,89.9,65.8,6,1.4,6.3,Yes,Yes,Medium,No,No,3.9,30.0,17.7,14.2,31.6,77.4
Oliver Sanchez,20,Female,5.0,94.4,67.4,7,4.0,7.2,Yes,Yes,High,No,No,7.2,26.3,22.7,11.7,37.7,81.9
Elizabeth Scott,18,Female,9.7,89.7,61.2,8,10.0,9.0,Yes,Yes,Medium,No,No,5.3,30.0,27.0,13.6,39.0,83.0
Noah Green,20,Male,6.9,85.3,73.1,10,3.9,8.5,Yes,Yes,Medium,No,No,5.9,30.0,16.3,16.0,43.9,85.7
Camila Hernandez,18,Male,3.6,80.2,70.5,10,7.8,6.8,Yes,Yes,Medium,No,No,5.1,23.5,28.0,13.3,38.8,78.5
Levi Ramirez,21,Female,6.3,82.1,66.9,8,4.3,6.5,Yes,No,Medium,Yes,Yes,7.7,28.3,23.3,12.5,31.4,78.6
Victoria Miller,20,Male,9.8,97.2,87.9,6,5.8,5.2,No,Yes,Medium,No,No,8.2,30.0,23.4,18.5,42.2,83.2
Mia Wilson,17,Female,7.8,99.1,62.7,3,5.8,8.5,Yes,Yes,Medium,No,Yes,8.3,30.0,29.6,13.8,41.2,88.3
Mason Williams,19,Male,5.3,93.4,55.0,9,8.3,7.6,Yes,No,High,No,No,5.6,22.0,26.6,12.3,42.3,79.4
Aiden Moore,18,Male,8.4,94.0,72.3,8,6.6,5.5,Yes,Yes,Medium,No,No,7.0,27.7,21.9,17.3,36.1,88.4
Benjamin Lee,18,Male,4.8,64.0,59.0,9,3.9,8.0,Yes,No,Medium,No,Yes,7.1,23.2,18.1,10.1,32.7,66.1
Lucas Nguyen,20,Male,7.4,84.5,65.8,5,7.5,5.9,Yes,No,Medium,Yes,No,8.8,30.0,24.9,16.1,34.9,80.8
Riley Rivera,17,Female,6.0,89.1,73.8,7,5.1,5.9,Yes,Yes,Medium,Yes,No,7.4,28.3,21.3,13.9,40.6,82.3
Ava Martin,18,Male,8.9,97.2,40.0,6,6.0,7.8,Yes,Yes,High,Yes,No,4.9,25.6,21.8,13.1,31.3,79.7
Victoria Thomas,16,Female,5.9,93.9,45.8,1,5.7,7.5,Yes,Yes,Medium,No,No,9.5,19.6,23.6,10.0,26.9,72.4
Aiden Wright,21,Female,3.2,97.2,41.7,8,3.0,6.3,Yes,Yes,Medium,No,Yes,9.6,18.3,25.6,10.6,24.9,66.8
Elizabeth Carter,20,Male,1.8,91.2,58.8,4,6.2,5.2,Yes,Yes,Medium,No,No,6.1,19.9,23.8,10.8,31.2,61.8
Camila Campbell,19,Male,7.3,96.0,88.1,9,6.7,9.4,Yes,Yes,Low,No,Yes,8.1,30.0,29.2,14.9,44.8,91.5
Madison Mitchell,16,Female,3.4,92.5,56.9,9,3.0,8.0,Yes,Yes,Medium,Yes,Yes,8.8,20.2,25.0,11.5,37.7,77.2
Noah Miller,20,Female,2.3,91.8,100.0,1,4.1,7.9,No,Yes,Medium,Yes,Yes,10.0,25.4,21.8,12.4,47.0,83.3
Mia Jones,16,Female,4.5,87.2,80.3,9,7.1,7.8,Yes,Yes,High,No,Yes,5.9,25.8,26.3,13.7,44.8,89.6
Aria Roberts,20,Female,2.0,91.8,69.3,6,5.3,7.3,Yes,Yes,Medium,No,Yes,6.3,20.6,28.2,10.2,42.7,77.2
John Lee,19,Male,3.8,97.8,54.7,3,6.4,7.2,Yes,Yes,Medium,Yes,Yes,8.6,21.2,27.7,12.0,33.6,76.6
Grace Moore,18,Female,6.9,95.7,90.1,9,4.5,8.4,Yes,Yes,Low,No,Yes,4.9,29.7,24.9,16.6,43.1,92.8
Levi Anderson,21,Female,5.8,82.7,81.5,6,6.0,8.1,Yes,Yes,Medium,Yes,Yes,4.4,24.7,25.5,13.5,45.8,83.3
Mateo Harris,19,Female,4.0,95.5,58.3,9,6.1,7.6,Yes,Yes,Medium,No,Yes,7.1,23.4,27.5,11.0,38.5,77.2
Benjamin Baker,16,Female,8.3,98.5,60.0,9,6.2,6.5,Yes,Yes,Medium,No,No,8.7,27.7,23.3,13.2,35.3,81.7
Oliver Roberts,18,Female,8.9,92.1,73.3,7,4.6,6.6,Yes,Yes,Medium,No,Yes,6.4,30.0,22.4,16.4,37.5,85.7
Alexander Rivera,18,Male,7.0,96.1,86.2,2,7.2,7.3,Yes,Yes,Medium,No,No,7.2,30.0,23.4,16.3,49.9,89.7
Oliver Moore,20,Male,3.7,66.9,61.4,8,8.5,7.1,No,No,High,Yes,Yes,7.3,18.9,26.1,12.1,35.3,69.4
Elizabeth Rivera,16,Male,1.1,76.1,52.5,10,7.7,8.1,Yes,No,Medium,No,No,5.4,16.0,24.0,8.8,38.2,62.9
Joseph Harris,17,Female,5.9,76.5,54.4,8,5.9,6.9,Yes,Yes,Low,No,No,7.7,24.3,21.9,14.6,43.4,75.8
Daniel Miller,19,Male,1.8,99.4,70.7,9,3.9,6.6,Yes,Yes,Medium,Yes,Yes,6.9,23.0,23.4,11.0,31.2,78.0
Emma Martin,18,Female,3.2,83.9,66.7,1,6.2,6.5,Yes,Yes,Low,Yes,Yes,8.1,25.3,23.1,13.1,36.7,72.5
Daniel Carter,17,Female,6.6,80.9,82.0,9,4.2,6.6,Yes,No,Medium,No,Yes,8.9,30.0,18.8,13.7,39.6,84.3
Sophia Rodriguez,18,Male,3.1,96.7,77.7,8,6.9,5.9,Yes,Yes,High,Yes,Yes,6.4,24.2,29.1,11.9,38.7,85.2
Benjamin Ramirez,17,Female,7.6,94.4,50.9,2,7.0,6.8,Yes,Yes,Low,No,Yes,7.9,23.8,29.9,11.6,36.4,78.2
Mateo Scott,18,Female,4.9,98.8,67.1,10,6.9,9.1,Yes,No,Medium,No,No,7.6,21.6,25.5,14.1,38.5,79.6
Sophia Johnson,20,Male,2.3,88.2,73.2,8,9.7,6.8,Yes,No,High,Yes,Yes,8.5,22.6,28.6,12.1,45.2,83.4
Emily Scott,19,Male,4.0,94.6,64.9,5,8.6,7.9,Yes,Yes,Medium,No,Yes,7.4,25.1,27.8,12.4,43.4,79.4
Aria Hill,21,Female,8.9,85.1,72.4,5,6.2,8.1,Yes,Yes,Medium,No,No,10.0,30.0,24.1,14.4,39.8,88.8
Elizabeth Smith,17,Female,6.9,69.8,63.6,7,9.0,7.3,Yes,Yes,Low,Yes,No,10.0,24.6,23.7,15.1,40.7,79.2
Sofia Harris,16,Male,6.0,96.6,64.6,5,9.2,6.9,Yes,Yes,Medium,No,Yes,7.9,25.2,25.5,14.2,37.3,80.7
Penelope Scott,18,Male,9.9,86.3,76.8,9,6.2,6.5,Yes,Yes,High,Yes,No,10.0,30.0,25.4,19.1,42.2,92.5
Victoria King,20,Male,3.9,91.2,100.0,8,8.2,6.2,Yes,Yes,Medium,No,No,7.7,28.7,24.1,15.7,50.0,88.4
Aiden Harris,18,Male,6.9,93.0,85.7,6,5.4,9.1,Yes,Yes,Medium,No,No,7.2,30.0,28.1,15.6,41.2,83.6
Isabella Moore,18,Female,3.2,95.4,58.0,2,5.3,8.0,No,Yes,Medium,No,No,6.6,23.3,23.6,12.2,43.1,71.7
Mason Young,21,Male,5.6,94.3,80.0,7,8.5,7.5,No,Yes,High,No,Yes,8.3,28.1,24.8,14.6,42.4,89.7
Ava Hernandez,16,Female,2.8,85.0,60.8,7,5.6,9.2,Yes,No,High,No,Yes,7.3,19.5,30.0,11.9,37.8,68.6
Mason Clark,16,Female,5.8,92.4,61.2,8,6.1,7.6,Yes,Yes,Medium,No,No,7.2,29.3,29.6,12.1,38.7,84.1
Ella Jones,19,Female,5.0,97.8,61.4,7,4.2,5.6,No,Yes,Medium,No,No,8.4,20.5,23.0,14.2,33.6,75.0
Harper Thomas,21,Female,9.4,96.6,50.3,9,5.0,6.1,Yes,Yes,Medium,Yes,No,7.8,24.9,30.0,15.2,32.1,83.3
Aria Flores,21,Male,6.4,97.6,52.8,10,6.5,7.9,Yes,Yes,Medium,Yes,No,6.9,26.1,28.3,12.0,34.1,85.2
Jackson Miller,21,Male,8.3,97.9,67.3,8,4.3,8.6,Yes,No,Medium,No,No,9.5,29.5,26.1,18.1,36.0,83.5
Michael Smith,18,Female,9.5,93.8,69.8,4,7.4,6.8,Yes,Yes,Low,No,No,8.0,28.7,29.4,16.6,44.0,87.4
Ethan Flores,16,Female,4.6,85.9,40.0,9,10.0,7.6,Yes,Yes,Medium,No,No,7.4,19.3,26.3,7.6,27.3,71.0
Ethan Lewis,20,Female,7.6,81.4,70.4,10,4.3,7.2,Yes,Yes,Medium,No,Yes,6.1,25.9,21.4,16.3,42.4,83.4
Logan Adams,20,Male,6.0,97.2,63.7,5,7.5,6.1,Yes,Yes,Medium,No,No,5.9,26.4,20.6,15.3,37.8,77.2
